1396281986025725953,2021-05-23 01:49:01+00:00,Detesto que se apoderem do meu quarto √† toa
1396272490192777217,2021-05-23 01:11:17+00:00,"Detesto b√™bados num casamento, principalmente quando n√£o sou um deles"
1396260061320826880,2021-05-23 00:21:54+00:00,"Detesto falhar, especialmente contigo"
1396252327011659777,2021-05-22 23:51:10+00:00,@cajoonz Ew que horror... J√° cancelei f√°cil !!! Detesto essas atitudes nojentas üò° Obrigada por explicares!
1396250892832329733,2021-05-22 23:45:28+00:00,"Detesto esta pagina, a cada dia que passa sinto me mais burra https://t.co/L8vZtnm8aO"
1396248586376130567,2021-05-22 23:36:18+00:00,"se h√° coisa que detesto √© expressar me, contar alguma coisa em que sei que me vou sentir e transparecer uma coitada e/ou burra"
1396244237868544006,2021-05-22 23:19:01+00:00,@wonderwomanJu @Alexand87152716 Por isso que detesto. Que fa√ßa em privado.
1396243269693149184,2021-05-22 23:15:11+00:00,@wonderwomanJu @Alexand87152716 Detesto essas merdas.
1396229552817557506,2021-05-22 22:20:40+00:00,Detesto n√£o aproveitar os s√°bados pq √© o √∫nico dia que posso abusar nas horas üëåüèΩ
1396226997014171648,2021-05-22 22:10:31+00:00,"Eu n percebo cm √® q a Fran√ßa ta a ganhar, eu detestei a presta√ß√£o dela"
1396225249792905218,2021-05-22 22:03:34+00:00,Detesto perder tempo e perder dinheiro com pessoas desnecess√°rias
1396223944714244099,2021-05-22 21:58:23+00:00,Detesto a can√ß√£o da Su√≠√ßa #Eurovision
1396223805727678469,2021-05-22 21:57:50+00:00,detesto estas vota√ß√µes.. t√£o confusas üò≠
1396207708097978370,2021-05-22 20:53:52+00:00,@OOgirdoRodrigo Ai detesto
1396205680705540096,2021-05-22 20:45:49+00:00,J√° disse que detesto que me olhem para os dentes??????
1396204104645554177,2021-05-22 20:39:33+00:00,@islxb @goncalosousa Detestei üòÇ Curti bue da Fran√ßa e Isl√¢ndia at√© agora
1396201576105136128,2021-05-22 20:29:30+00:00,Detesto ganza n√£o posso ver uma chego-lhe logo fogo
1396197964205465602,2021-05-22 20:15:09+00:00,"P.S: E eu detesto o Atl√©tico. Visca Bar√ßa, siempre. Imaginem se gostasse dos Colchoneros..."
1396197953480675331,2021-05-22 20:15:06+00:00,"Detesto m√∫sicas assim
#Eurovision"
1396192838656970752,2021-05-22 19:54:47+00:00,@bossito Detesto as cal√ßas dele. Agora queria ouvir os coment√°rios dos comentadores de TV su√≠√ßo
1396192219334381573,2021-05-22 19:52:19+00:00,detesto que estejam on e n√£o respondam
1396191579971493890,2021-05-22 19:49:47+00:00,"#Eurovision

Vem a Gr√©cia. 

Detesto a roupa dela."
1396189148839546885,2021-05-22 19:40:07+00:00,"#SRB detesto, detesto, detesto, detesto parece m√∫sica de programa da tvi de domingo √† tarde, no, absolutely not #Eurovision"
1396188205247082498,2021-05-22 19:36:22+00:00,deus! como eu detesto tudo #POR #Eurovision
1396169203791630336,2021-05-22 18:20:52+00:00,"@joaobastos1904 Sou sincera, o Atl√©tico √© o clube que mais detesto, n√£o posso com eles nem um bocadinho, se o Real √© pior? Sim, mas devido a detestar mm o Atl√©tico, ficam no mesmo n√≠vel ahah"
1396168128011325440,2021-05-22 18:16:35+00:00,"Crlh detesto mesmo estar √° espera , fico mm com humor de c√£o üò§"
1396157138343497728,2021-05-22 17:32:55+00:00,"Odeio o Atl√©tico de Madrid. Detesto o Simeone, mas para reconhecer algo sou o primeiro. Este t√≠tulo em Espanha √© justo. Ganha um campeonato a equipa mais regular. E quanto mais depressa puserem isso na cabe√ßa, menores ser√£o os dissabores no futuro. Parab√©ns, Atl√©tico de Madrid"
1396153123488534529,2021-05-22 17:16:58+00:00,Detesto estudar psicologia credo
1396136362097643521,2021-05-22 16:10:22+00:00,√â por estas e por outras que eu detesto homens
1396130612403228678,2021-05-22 15:47:31+00:00,Detesto que me falem mal sem raz√£o crlh
1396125404390465536,2021-05-22 15:26:49+00:00,"Est√° perfeito, detesto calor, o diplomata tb estava bonzinho. üëå https://t.co/RP8PTt3Gm2"
1396107083272044544,2021-05-22 14:14:01+00:00,"Vejam bem como √© o Leclerc que procura o contacto tardio com as barreiras...

Fazia a curva, na boa.
N√£o atirem terra para os olhos...
J√° vejo F1 desde os anos 80.
Mais respeito pelos f√£s!

#hipocrisia #detesto #f1eleven #MonacoGP"
1396105522168877056,2021-05-22 14:07:49+00:00,"@VamosFalardeFum Detesto isto. Deveriam colocar as transmiss√µes r√°dio publicas. N√£o compro...
J√° vi este filme!"
1396104429938614275,2021-05-22 14:03:29+00:00,Ohhh puto detesto mandar msg e demoram 3 anos pra responderü§¶‚Äç‚ôÇÔ∏è
1396097259025190916,2021-05-22 13:34:59+00:00,Detesto estas demoras para decidir se fica ou se vai o S√©rgio
1396092006963744771,2021-05-22 13:14:07+00:00,"Detesto as c√¢maras no estadio do Braga a n√≠vel de forma√ß√µes...
Horr√≠vel"
1396079761659662336,2021-05-22 12:25:27+00:00,Detesto entrar em diretos do insta sem querer
1396077379399917570,2021-05-22 12:15:59+00:00,Detesto pessoas mentirosas
1396075577946300422,2021-05-22 12:08:50+00:00,E eu detesto sect√°rios de esquerda que ajudam mais a direita do que a esquerda https://t.co/DARv7E6ISX
1396071788967256066,2021-05-22 11:53:46+00:00,"detesto sair de short e n√£o √© atoa, detesto ter coxa grossa n√£o √© atoa, tnccc , mal dei 2 passos fora de casa e tenho que escutar homem nojento falando merda"
1396069605550874634,2021-05-22 11:45:06+00:00,"""Detesto partidos com maiorias norte-coreanas e que festejam terem um dirigente eleito por 99%"" https://t.co/KxsO0uG185 Em https://t.co/MDmhqgtnSp https://t.co/KZvVc8VymD"
1396067965192261646,2021-05-22 11:38:35+00:00,Detesto secar o cabelo
1396064628178837505,2021-05-22 11:25:19+00:00,√â sempre um misto de sentimentos quando durmo at√© meio dia. Meu corpo tava precisando mas eu detesto perder metade do dia. ‚òπÔ∏è
1396045066297389062,2021-05-22 10:07:35+00:00,"@reizao_fixe N√£o sei como consegues , eu detesto essa merda , prefiro arrumar a casa"
1395940981309153281,2021-05-22 03:13:59+00:00,detesto tanto estes sonhos s√£o sempre uma merda e agora percebi que s√£o ainda mais merda
1395901240039596036,2021-05-22 00:36:04+00:00,"@gabrielacorreax Eu n√£o ligo quando n√£o usam a norma padr√£o, mas eu detesto fugir dela quando escrevo, peguei essa mania boba"
1395895704812392448,2021-05-22 00:14:05+00:00,"bro pls venham me buscar
fds eu detesto este cubico"
1395886012019232770,2021-05-21 23:35:34+00:00,@Elmano_sadino Sou mt soci√°vel. Gosto de pessoas c facilidade. Detesto fazer perguntas q ache invasivas. Sp achei q seria p√©ssima para fazer essas avalia√ß√µes. Felizmente h√° quem o fa√ßa bem. At√©  esses se enganam. Devolvem animais c desculpas inacredit√°veis
1395877116726726663,2021-05-21 23:00:13+00:00,Detesto ver pessoas a comer com a boca aberta. N√£o sei se sabem mas n√£o me apetece vera comida dentro da vossa boca ü§¨
1395846481119256577,2021-05-21 20:58:29+00:00,"Riam-se. Hoje fui √† primark comprar cal√ß√µes para o ver√£o. Trouxe um par, peguei no 38 e vim embora. Detesto demorar nas compras. Vinha no carro a caminho de casa e do nada veio-me √† cabe√ßa ""pera√≠ mas eu vestia o 38 em 2017 wtf""."
1395845188623421441,2021-05-21 20:53:21+00:00,Detesto a Angela #amoramor
1395831341099491330,2021-05-21 19:58:19+00:00,Detesto pessoas que na minha frente s√£o muito amigos e depois nas costas falam malüñïüñï
1395805187219107840,2021-05-21 18:14:24+00:00,"detesto qnd as pessoas postam indiretas e dps √© ""serviu-te a carapu√ßa, enfia-la!"" 
TPPP, SEI PREFEITAMENTE Q √â P MIM!!"
1395800975223500804,2021-05-21 17:57:39+00:00,Detesto pessoas bebadas fds
1395798021615591425,2021-05-21 17:45:55+00:00,"@fbeirao @fmvasconcelos Vou seguir a tua sugest√£o, pois eu detesto ter a casa √†s escuras e levo com a minha mulher a reclamar por andar sempre a ligar as luzes üòÇ"
1395787512786964492,2021-05-21 17:04:10+00:00,Foda-se tudo menos o NES eu detesto o Nuno Esp√≠rito Santo como treinador. Para isso √© muito melhor o V√≠tor Pereira realmente.
1395786697078624256,2021-05-21 17:00:55+00:00,Detesto 'aparecer ' em fotosü§êüê± https://t.co/IYy8Fsyu4g
1395776902200238090,2021-05-21 16:22:00+00:00,Detesto quando o #msteams tem uma actualiza√ß√£o e perco o background que tinha definido e s√≥ vejo durante uma call com v√≠deo.
1395750258508980227,2021-05-21 14:36:08+00:00,detesto seguir algu√©m no insta que tenho ‚Äúinteresse‚Äù e a pessoa n√£o me seguir de volta mas ver os meus stories
1395746866038550531,2021-05-21 14:22:39+00:00,Detesto estar em casa sem fazer nada
1395745947737628674,2021-05-21 14:19:00+00:00,Detesto ficar horas √† espera para ser atendido no hospital üò°
1395742629548204039,2021-05-21 14:05:49+00:00,"@OFuraRedes Como eu detesto que lancem suspeitas sobre o meu clube baseadas em ""X √© adepto de Y"", n√£o o fa√ßo ao clube dos outros. Achar que as pessoas s√£o incompetentes por gostarem de futebol √© algo que me transcende."
1395736013889282052,2021-05-21 13:39:31+00:00,"@velotimo Detesto pilinhas escondidas atras da gravata. 

Ou a cauda √© grande e d√° para prender ao corpo principal da gravata ou fica rid√≠culo ter um penduricalho a aparecer.ü§∑‚Äç‚ôÇÔ∏è"
1395731002690052096,2021-05-21 13:19:37+00:00,"@Daniel971972 eu detesto. 
modelo de jogo, forma de liderar completamente opostas ao que o Porto precisa."
1395712116640911365,2021-05-21 12:04:34+00:00,Detesto merdas em fam√≠lia fds que nojo
1395710345558249478,2021-05-21 11:57:32+00:00,"@Ritaeducamassas obrigaste-me a ir ver. acho que ela ia bem bonita, mas por acaso detesto esta mania de mandar as madrinhas vestirem coisas e cores espec√≠ficas."
1395696196241563648,2021-05-21 11:01:18+00:00,Detesto festas fds
1395694624606494720,2021-05-21 10:55:03+00:00,"detesto estar apaixonada, fico toda estupida"
1395685528738189314,2021-05-21 10:18:55+00:00,"@irdcfy Epah juro essa √© a cena que me faz mais confus√£o por mais exerc√≠cios que fa√ßa. Tenho a certeza que o meu c√©rebro vai parar nessa parte,  detesto üò†"
1395649290836512769,2021-05-21 07:54:55+00:00,@martatsousa Detesto aquela m√∫sica
1395648740090855429,2021-05-21 07:52:44+00:00,Detesto levar vistas principalmente de quem √©
1395539985261080576,2021-05-21 00:40:35+00:00,Detesto morar sozinha qd estou assim toda fodida e doente
1395514535868502027,2021-05-20 22:59:27+00:00,Detesto este tempo por causa das alergias
1395509923207909379,2021-05-20 22:41:07+00:00,@hugofvmoura @DeInsonias E detesto quando os caixas baralham tudo e picam as coisas fora de ordem.
1395506645816561664,2021-05-20 22:28:06+00:00,"Se h√° coisa que detesto e que me remove por dentro √© que me deiam vista...isso pra mim √© o mesmo que escreverem ""Estou-me a cagar pra ti""."
1395504522659762176,2021-05-20 22:19:40+00:00,Detestei quando come√ßou a moda de publicar story no youtube. Odeio agora esses 'shorts/shorties'.
1395502991105568773,2021-05-20 22:13:34+00:00,Detesto estar t√£o insegura
1395502381094297614,2021-05-20 22:11:09+00:00,Detesto estas doente foda se
1395499244384030721,2021-05-20 21:58:41+00:00,Detesto estar com v√≥mitos
1395491698160115722,2021-05-20 21:28:42+00:00,Detesto o cor de rosa no capacete. O do stroll √© mil vezes melhor https://t.co/snEdIHiCbl
1395491114531147783,2021-05-20 21:26:23+00:00,Detesto n√£o conseguir fazer as coisas
1395486909686816768,2021-05-20 21:09:40+00:00,"detestei o facto de a entrevista do Jo√£o do #HellsKitchenPortugal ter sido focada apenas nos aspetos menos positivos do percurso dele. tudo bem que ele fez muita merda mas o programa j√° acabou, n√£o √© necess√°rio massacrar ainda mais"
1395483488212725760,2021-05-20 20:56:05+00:00,Detesto quando as pessoas mudam cmg atoa
1395480277158354948,2021-05-20 20:43:19+00:00,Detesto mboa que puxa sem objetivo definido!.
1395472906663104512,2021-05-20 20:14:02+00:00,"Detesto dar razao seja a quem for, mas principalmente detesto dar razao ao burro do ze miguel üò§"
1395470519491874816,2021-05-20 20:04:33+00:00,@Mariana81115718 Hehehehe... Sabes que detesto todas menos a nossa ü§£ü§£
1395468482989510657,2021-05-20 19:56:27+00:00,"@daffnota @florpatata @dorinda_soares @jessyandpedrito Eu pessoalmente at√© prefiro a ""avioneta"" que pelo menos sabe pensar por si... Detesto mi√∫das f√∫teis que adoram estes gajos que as usam para provocar ""outras""... A maturidade perdeu-se um pouco ali... Lament√°vel. Malta, olhem para l√° do que se v√™ e percebam as coisas. De nada ü§ôüèª"
1395461984901115910,2021-05-20 19:30:38+00:00,"Epa detesto condutores que n√£o agradecem quando vos cedo a passagem, tipo que n√£o vos fiz um favor oh broncos"
1395455330046423040,2021-05-20 19:04:11+00:00,@magalhufas Detesto pessoas apaixonadas ü§¢
1395445365248307201,2021-05-20 18:24:35+00:00,"@mary_n2013 @abrodrigues63 @HenriquMonteiro Todos os regimes totalit√°rios come√ßaram assim. Come√ßaram por calar todos os que pensavam diferente.
Detesto Ventura, mas nunca irei apoiar quem o tente silenciar ou pior, desejar a sua morte.
A diferen√ßa entre uma ditadura e uma democracia √© a liberdade... o valor mais alto. https://t.co/CkYof2iMnQ"
1395441512641597444,2021-05-20 18:09:17+00:00,"@mvcavaco Tive de bloquear.
Eu detesto n ligar √†s pessoas ou ter de chegar a isto porque respeito trabalho de cada um....mas n dava mais.
Dezenas de msg p dia."
1395432530116026372,2021-05-20 17:33:35+00:00,Detesto que me mintam fds
1395417804141178887,2021-05-20 16:35:04+00:00,"eu: detesto falar por chamada
novo eu: vou ter de ligar 50 pessoas hj"
1395406106726387712,2021-05-20 15:48:35+00:00,"detesto homens, queria andar na rua com um taser na bolsa"
1395404678297436166,2021-05-20 15:42:55+00:00,detesto ir a praia com vento juro
1395400529359089673,2021-05-20 15:26:26+00:00,detesto ficar sem fazer nd üòï
1395380058588647428,2021-05-20 14:05:05+00:00,Detesto que estejam estranhos cmg :(
1395379616894881799,2021-05-20 14:03:20+00:00,Detesto vir ao dentista
1395375312570130443,2021-05-20 13:46:13+00:00,"@brunaaduarte02 Eu tento mas n√£o d√°, fui experimentar biqu√≠nis e detesto a serio"
1395372860944834564,2021-05-20 13:36:29+00:00,Detesto gente falsa pqp
1395372456932675585,2021-05-20 13:34:53+00:00,Detesto ter consultas √† tarde ainda por cima para Gaia e s√≥ transito üò°
1395369993936773127,2021-05-20 13:25:05+00:00,Detesto estar com demasiado tempo livre
1395364396252241925,2021-05-20 13:02:51+00:00,Foda se detesto espirrar üò§
1395362799493201920,2021-05-20 12:56:30+00:00,"N√£o sei quem √©s, mas s√≥ por seres tu, j√° te detesto! üò§"
1395354273148514309,2021-05-20 12:22:37+00:00,"@Maravalhas5 Eu n√£o sou do Porto, sou por mim iam todos presos pq nem ele nem o Vieira s√£o santos.... Detesto Pinto da Costa, e tambem n√£o votei no Vieira üòé"
1395338231709851650,2021-05-20 11:18:53+00:00,"@MestreTeu Exactamente!!!
Outra vez armado em princesa que precisa de toda a aten√ß√£o.
Fdx, eu detesto estas atitudes."
1395330609782927363,2021-05-20 10:48:36+00:00,Das merdas q mais detesto √© falarem com a boca suja de mim e nem me conhecerem ou nem terem o trabalho de conhecer.
1395316096316628995,2021-05-20 09:50:55+00:00,"Bom dia minha linda TL!üçÄ Nada melhor que come√ßar o dia num di√°logo retemperador em jeito de Feedback de uma qualquer quarta feira...
Alegrem-se √© quase sexta! Eu, que detesto o fim de semana mas amo as minhas amigas! https://t.co/Ugcw8vJzCv"
1395283746220347393,2021-05-20 07:42:22+00:00,detesto quintas feiras
1395279562490191875,2021-05-20 07:25:45+00:00,@dianavieira23_ detesto te agr vou almo√ßar sozinha
1395206246035230720,2021-05-20 02:34:25+00:00,Detesto acordar durante a noite üò©
1395173798815715328,2021-05-20 00:25:29+00:00,Eu ja disse que detesto 98% dos gajos do mundo?
1395150855935078403,2021-05-19 22:54:19+00:00,"Jo√£o Pereira foi dos jogadores que mais detestei durante a minha inf√¢ncia... No momento que vestiu a camisola do meu clube tudo mudou! Grande profissional que deu sempre tudo em campo, honrando a verde e branca como se fosse a camisola de cora√ß√£o dele. Um muito obrigado! @jpsp47"
1395145429512343552,2021-05-19 22:32:45+00:00,Detesto estes dias.. em que sinto que nada me fica realmente bem üòî
1395145250268667904,2021-05-19 22:32:02+00:00,@TangledLopes @mvcavaco Eu √© sempre que sinto o cheiro de sardinhas. Detesto!
1395142196328861700,2021-05-19 22:19:54+00:00,Detesto que me deixem preocupada
1395126289749659648,2021-05-19 21:16:42+00:00,detesto aquele pessoal que vai ostentar para o tik tok tipo fingir que √©s rico √© no insta mano
1395117793054531586,2021-05-19 20:42:56+00:00,Ainda n√£o tinha dito que detesto alergias ü§ß
1395113235611897860,2021-05-19 20:24:49+00:00,"J√° vi s√©ries t√£o boas que gostava bue de voltar a ver, por√©m odeio rever s√©ries pq detesto ver qd j√° sei Oq vai acontecer xoebjspsbwowow amo os meus dilemas &lt;3"
1395108560011419657,2021-05-19 20:06:15+00:00,"@pinkasflxyd se for como no porto √©s capaz de ter bastantes trabalhos, enquanto direito normalmente √© tudo a exame final. para ti pode ser uma grande raz√£o para avan√ßar, eu pessoalmente detesto fazer trabalhos e meio que me afastou. ajuda bu√© a n√£o concentrar o stress todo num m√™s tho"
1395094514973433859,2021-05-19 19:10:26+00:00,Detesto pessoal que mostra ser outra pessoa a frente dos amigos
1395090025629589506,2021-05-19 18:52:36+00:00,@inesgueifao Tb detesto. Mesmo no hospital √© desnecess√°rio! Se a minha m√£e quissesse que me tratassem por Doutor ter-me-ia chamado assim logo √† partida √© o que digo sempre.
1395072112130416640,2021-05-19 17:41:25+00:00,@sergiofclc Sempre que o vi a extremo detestei...
1395062469127725059,2021-05-19 17:03:06+00:00,Detesto ficar a bater cr√¢nio fdse
1395055417852633101,2021-05-19 16:35:05+00:00,Detesto que queiram dar nas vistas
1395054129446334470,2021-05-19 16:29:57+00:00,"eu detesto a vida de adulto, correria danada todo dia, credo , sendo que a gente t√° nessa pressa atoa"
1395053154283175939,2021-05-19 16:26:05+00:00,@tommy_fds Opa.. n√£o detesto nem deixo de detestar. Reconhe√ßo. √â reframing.
1395045625796956165,2021-05-19 15:56:10+00:00,"@diogocardoso_8 eu tmb detesto, de todo"
1395026964625436673,2021-05-19 14:42:01+00:00,"O AHU, do nada, resolveu me informar que poderia vir ao arquivo. Dada a dificuldade no agendamento, n√£o pude deixar de vir. Estou tendo que refazer toda a minha programa√ß√£o de maio e junho (detesto!). Mas est√° valendo a pena. Acabei de encontrar este incr√≠vel doc aqui üëá"
1395022798402248705,2021-05-19 14:25:28+00:00,"vc dividiria apartamento cmg?

nome: joana
sexualidade: tenho
altura: 1.69
comida fav: cenas elaboradas no forno
g√™nero musical: algo entre metal e bad bunny
vantagens: amo cozinhar
desvantagens: detesto coisas muito sujas
o que partilh√°vamos: tudo excepto escova de dentes. https://t.co/keIhxppnqR"
1395015594555150352,2021-05-19 13:56:50+00:00,"Que tudo isso passe logo pra eu n√£o ter que lidar com essas coisas viu, detesto üôÑ"
1395010463298203659,2021-05-19 13:36:27+00:00,"@pcamoes999 Concordo, detesto essa personagem, n√£o traz nada de bom ao futebol."
1394972853242580995,2021-05-19 11:07:00+00:00,@salty_maryy Detesto esse meme. Teve gra√ßa nas primeiras duas semanas. Agora √© s√≥ tortura
1394954576403521542,2021-05-19 09:54:22+00:00,Detesto mas tipo assim DE-TES-TO que me irritem!!
1394953617757573122,2021-05-19 09:50:34+00:00,"√Äs vezes detesto viver aqui, esta gente est√° sempre em obras credo"
1394924793078689792,2021-05-19 07:56:01+00:00,Tem uma cota q t√° me reparar de cima abaixo. Que horror ya detesto pessoa q faz isso
1394868596350898176,2021-05-19 04:12:43+00:00,Detesto querer dormir e n√£o conseguir
1394828837440077826,2021-05-19 01:34:44+00:00,Esse Andr√© √© exatamente igual ao Bill mas vou super com a cara do Bill e detesto o Andr√© de gra√ßa kkkkkkkkk
1394811564591624198,2021-05-19 00:26:06+00:00,"detesto quando estou cansada e n√£o consigo dormir, ahhhfffff üò©"
1394804277961543683,2021-05-18 23:57:08+00:00,"@DavidPacheco270 Desculpa bro, detesto o Pa√ßos s√≥ isso"
1394796786389331980,2021-05-18 23:27:22+00:00,Detesto o facto de pensar demasiado nas coisas! ü§Ø Se √†s vezes n√£o pensasse tanto e alinhasse nas cenas era bem melhor do que depois ficar a pensar no que seria se tivesse feito! üôÑ
1394787164672647174,2021-05-18 22:49:08+00:00,Tamb√©m n√£o detesto a #LTU mas √© muito panados com p√£o #Eurovision
1394782784225521671,2021-05-18 22:31:44+00:00,Detesto que me mintam
1394779729283190784,2021-05-18 22:19:35+00:00,Detesto falhar seja no que for mas tamb√©m sei que faz parte do processo
1394777163220537348,2021-05-18 22:09:24+00:00,"j√° os tenho todos, bora l√° bloquear quem me deixou de seguir, n√£o v√£o eles quererem voltar e eu detesto bipolares"
1394776639544905741,2021-05-18 22:07:19+00:00,detesto sentir que uma pessoa nao quer falar comigo... üòéüòé
1394776615394201615,2021-05-18 22:07:13+00:00,Detesto querer encontrar uma musica e n√£o conseguir
1394768314132488196,2021-05-18 21:34:14+00:00,Detesto noites destas
1394765559397588992,2021-05-18 21:23:17+00:00,@mGTS85 Os pombos cagam. E eu detesto pombos. J√° foderam aqui o algeroz do pr√©dio e a conta n√£o foi barata.
1394760247911321601,2021-05-18 21:02:11+00:00,"Detesto bu√© isto.

Oh RTP... voc√™s s√£o EST√öPIDOS!!!

Devolvam-me o Dinheiro!!!
Devolvam-me o Dinheiro!!!
Devolvam-me o Dinheiro!!!
Devolvam-me o Dinheiro!!!
Devolvam-me o Dinheiro!!!
Devolvam-me o Dinheiro!!!
Devolvam-me o Dinheiro!!!
Devolvam-me o Dinheiro!!!"
1394759560368381954,2021-05-18 20:59:27+00:00,Detesto q tentem provocar rea√ß√µes em mim
1394758357249056772,2021-05-18 20:54:40+00:00,Detesto estar √† espera das notas
1394753752062697482,2021-05-18 20:36:22+00:00,Ter√ßa √† noite fico sempre triste pq detesto quartas
1394751310113685509,2021-05-18 20:26:40+00:00,Eu detesto a m√∫sica da Su√©cia üò¨ #EUROVISION
1394733853412139010,2021-05-18 19:17:18+00:00,"Nunca me vou perdoar por lhe ter dado ghost
@_DavidPaulo17_ detesto admitir mas tens raz√£o"
1394729283470471174,2021-05-18 18:59:08+00:00,"@raquelongras Epa, teve mesmo de ser ahahahaha
Detesto pessoas que exigem muita aten√ß√£o e sufocam, e acho que acabam por ser aquelas que tentam ser o centro das aten√ß√µes. E juntar essas duas coisas a termos gostos e ideias diferentes... √â um explos√£o!"
1394722610542522377,2021-05-18 18:32:37+00:00,@filippunter Fdx üòÇ Amo m√∫sica mas detesto esse tipo de esp√©cie de m√∫sica
1394721106246971393,2021-05-18 18:26:39+00:00,detesto que brinquem comigo
1394707229845172224,2021-05-18 17:31:30+00:00,"@Ogajodascausas Simples, ambos s√£o extremistas nos seus ideais. Exemplo concreto? Uns quiseram ilegalizar o Chega. Os outros quiseram deportar Mamadou Ba. Coisas impens√°veis em democracia. Ah, e eu detesto tanto o Chega como o Mamadou Ba."
1394682661864710149,2021-05-18 15:53:53+00:00,@Kanuca1906 Que bonito! Sempre detestei educa√ß√£o f√≠sica
1394676742443372544,2021-05-18 15:30:21+00:00,@FranciscaVaz6 @God_is_a_Cheese Tamb√©m nunca tinha tido. Detesto estas merdas.
1394664798772662272,2021-05-18 14:42:54+00:00,"Detesto estar sens√≠vel com algumas coisas porque depois sou sensivel noutros aspetos, e o pessoal aproveita-se."
1394656832883503107,2021-05-18 14:11:15+00:00,detesto estar em algum s√≠tio e ouvir uma crian√ßa a chorsr aos berros a toda hora foda se
1394641441960472577,2021-05-18 13:10:05+00:00,Das coisas que mais detesto: abrirem a minha correspod√™ncia sem o meu consentimeno.
1394637257190121473,2021-05-18 12:53:27+00:00,"Que nojo bro, detesto que as pessoas consigam ter influ√™ncia no meu humor e na capacidade de mudarem o meu dia."
1394633570648473605,2021-05-18 12:38:48+00:00,Definitivamente detesto ter√ßas-feiras
1394633494626775045,2021-05-18 12:38:30+00:00,Detesto fazer montras.
1394626179596963842,2021-05-18 12:09:26+00:00,Detesto pessoas que fazem merda e metem a culpa nos outros
1394619822449831937,2021-05-18 11:44:11+00:00,Chegou minha toalha de mesa da La Redoute. Eu detestei.
1394601551403143175,2021-05-18 10:31:34+00:00,"Detesto quando os professores simplesmente n√£o abrem o zoom em dias de frequ√™ncia 
Tou a tremer de ansiedade"
1394601458616700929,2021-05-18 10:31:12+00:00,"Detesto esta burocracias com as bandeiras, metam as bandeiras √† sorte, quem n√£o tiver bem pode sair do evento"
1394583299595587590,2021-05-18 09:19:03+00:00,"Detesto que fiquem estranhos ou distantes do nada, olhem a minha ansiedade:("
1394569825352142849,2021-05-18 08:25:30+00:00,Eu detesto chuva
1394565855447592962,2021-05-18 08:09:44+00:00,Ai Pah detesto esta SalaüôÑnunca √° netüôÑ
1394552796536520704,2021-05-18 07:17:50+00:00,Detesto chuva
1394548310845841410,2021-05-18 07:00:01+00:00,@larapfilipaa Detesto todos os dias de semana menos as sextas ;)
1394538186475458560,2021-05-18 06:19:47+00:00,"@WendelBrasilSP @DouglasGarcia @edsonsalomaosp @ArthurWeint @AbrahamWeint @JuhZanca Zoioverde nem √© gente , eu detesto esses fdp disfar√ßados de direita."
1394506671683248130,2021-05-18 04:14:33+00:00,"@SilvaGarbo Vou ser sincera: odiavaaaaa! Sempre detestei a porra do s√≠tio do picapau amarelo. A boneca Em√≠lia, arghhh..
Desculpa. üôÇ"
1394449210980945920,2021-05-18 00:26:14+00:00,"@pLaYbOiBecas Oh mano eu detesto esse gajo haha e btw ele nunca mais √© falado no manga, s√≥ tens √© de chegar ao dia 31 de Outubro de 2018, na esta√ß√£o de comboio de Shibuya"
1394444593270337536,2021-05-18 00:07:53+00:00,"Detesto estes trabalhos, ainda por cima, se fossem interessantes, n√£o era assim t√£o mau"
1394441569839812609,2021-05-17 23:55:52+00:00,Detesto que me tentem fazer de burra pah detesto! Mas o melhor disto √© que s√≥ tentam porque eu n√£o sou mas quando quero tbm me sei fazer! Fica a dica!
1394431295321686024,2021-05-17 23:15:02+00:00,Tenho fobia a baratas detesto tanto
1394425309605335046,2021-05-17 22:51:15+00:00,Detesto pessoas que n√£o percebem o meu sentido de humor
1394411062733180932,2021-05-17 21:54:38+00:00,"Detesto tar doente, tou aqui a tremer de frio e nem ta frio"
1394409117754789888,2021-05-17 21:46:55+00:00,Detesto ver amigos a sofrerem por quem n√£o os merece
1394403775247441923,2021-05-17 21:25:41+00:00,"detesto detesto detesto ter que vender as minhas capacidades

n√£o tenho nenhumas, NEXT"
1394395860876894208,2021-05-17 20:54:14+00:00,Detesto a Angela #amoramor
1394392248096329730,2021-05-17 20:39:53+00:00,entre geografia econ√≥mica e geomorfologia j√° nem sei qual √© a que mais detesto
1394384163705442304,2021-05-17 20:07:45+00:00,detesto que demorem a responder
1394382816922722310,2021-05-17 20:02:24+00:00,"Eu detesto aqueles dois, mas da√≠ a pensar que eles engendraram todo um plano para separ√°-los vai uma grande dist√¢ncia. At√© porque n√£o os considero mentes brilhantes nem que sejam de tal intelig√™ncia para conseguirem isso, ainda por cima da forma que foi."
1394370153882734599,2021-05-17 19:12:05+00:00,@bbcbrasil Detesto este assunto. N√£o suporto mais! Desde que entendo por gente √© a mesma coisa. E olha que faz tempos hein! üòèüòëüôÉ
1394369904388751362,2021-05-17 19:11:06+00:00,Detesto este assunto. N√£o suporto mais! Desde que entendo por gente √© a mesma coisa. E olha que faz tempos hein! üòèüòëüôÉ https://t.co/DHXstQz9Jz
1394369482445963271,2021-05-17 19:09:25+00:00,Se h√° coisa que detesto √© tentarem fazer me passar por ot√°rio
1394360802346426371,2021-05-17 18:34:55+00:00,"Detesto quando tem reuni√£o. Esque√ßo at√© de almo√ßar e quando vou v√™ o hor√°rio, e quase 6 da tarde"
1394357158771318788,2021-05-17 18:20:27+00:00,"@mk_mkai Detesto qualquer doce que tenha ma√ß√£, mas gosto de ma√ß√£s üòÇ"
1394344199437307905,2021-05-17 17:28:57+00:00,Detesto estes filmes
1394343279118979076,2021-05-17 17:25:18+00:00,"@rpbs @Israel Se tivesse ido ver mais a fundo o que ali se passava, n√£o tinha cometido o erro que cometi e que detesto, n√£o verificar. Agr j√° est√° e expliquei pq deixou de estar."
1394338444969660416,2021-05-17 17:06:05+00:00,E sinceramente n√£o queria Que o Porto fizesse neg√≥cios com o Braga. Puta que os pariu. Detesto o Benfica B .
1394334849637421056,2021-05-17 16:51:48+00:00,"Detesto a sensa√ß√£o de saber que a qualquer momento posso perder algu√©m pra Covid-19 no Brasil, como aconteceu neste fim de semana. 
A m√£e da minha melhor amiga, que j√° agiu como minha m√£e tantas vezes, se foi com apenas 44 anos. As pessoas est√£o morrendo e o governo faz piada. https://t.co/FjzIQh5Rq7"
1394331269253799937,2021-05-17 16:37:34+00:00,detesto vir a papelarias
1394328972406804487,2021-05-17 16:28:27+00:00,Detesto ser protetor demais... Enervo me com tudo e maior parte das cenas s√£o insignificantes
1394324856393637888,2021-05-17 16:12:05+00:00,"Detesto ter de ficar em casa em dias de sol, fico louca"
1394320388092534788,2021-05-17 15:54:20+00:00,N√£o acredito que detesto sapatos rasos/sabrinas e vou ter de usar no hotel üò≠
1394311604410454019,2021-05-17 15:19:26+00:00,Eu detesto ter sentimentos
1394308010089099267,2021-05-17 15:05:09+00:00,Detesto estar com febre
1394303154972413957,2021-05-17 14:45:51+00:00,J√° disse o quanto detesto estas pessoas?
1394284003478409217,2021-05-17 13:29:45+00:00,pqp detesto deja vu
1394274401978396675,2021-05-17 12:51:36+00:00,"@trainmaniac √â nestas coisas que eu detesto Portugal. Seja qual for a cor pol√≠tica, para a ferrovia √© preciso montes de estudos para se gastar 50 euros, e mesmo assim todos levantam quest√µes. Nas estradas basta algu√©m a assobiar e fica feita."
1394274187842306054,2021-05-17 12:50:45+00:00,"@guilima44 @Flex_cs_ @dnsligeiro @alogcsgo @fearMcs @flsilva27 N√£o suporto baiters, odeio-s, detesto pessoas que falam a n√≠vel formal, d√£o me raiva pessoas com teorias da conspira√ß√£o e que estudam biologia 24/7, √© isto"
1394265879009976321,2021-05-17 12:17:44+00:00,Detesto o cheiro da lix√≠via nas m√£os
1394264872687448067,2021-05-17 12:13:44+00:00,"Mentira, detesto acordar a estas horas... Ali√°s √© rar√≠ssimo o dia que isto aconte√ßa"
1394263118604341252,2021-05-17 12:06:46+00:00,Detesto pessoas cringes
1394262142208053249,2021-05-17 12:02:53+00:00,"@paolo_crf eu sou flamenguista mas um post desse j√° √© terraflanismo, detesto o Diego Souza mas essa marca de gols para um cara velho e que muitos davam como aposentado √© excelente, o Gabi tem metade da idade do cara, custou e recebe MUITO mais, que compara√ß√£o burra"
1394261762296500225,2021-05-17 12:01:22+00:00,"""viagens n√£o essenciais"" 

Detesto esta express√£o https://t.co/fWk67Dcbhu"
1394255903088648196,2021-05-17 11:38:05+00:00,"@grohl1893 acho que eu n√£o posso dizer que detesto pq so fui em 2 aulas nesse semestre, mas por mim nao existiria kkkkkkkk"
1394247605354483721,2021-05-17 11:05:07+00:00,detesto cadeiras q s√£o s√≥ te√≥rica ü§Æü§Æ
1394247211941306375,2021-05-17 11:03:33+00:00,"Eu detesto ser rude com algu√©m, mas quando as pessoas n√£o t√™m consci√™ncia das coisas e n√£o sabem ouvir um ""n√£o tenho interesse"" tenho mesmo de ir por este caminho. N√£o h√° necessidade de criar constrangimentos. N√£o √© n√£o."
1394245834049478657,2021-05-17 10:58:05+00:00,"Vou citar uma pessoa que eu detesto, Poiares Maduro, quando uma coisa est√° errada, devemos criticar mesmo sendo contra os da nossa ideologia, sem com isso colocar em causa os nossos valores e cren√ßas."
1394233653467795463,2021-05-17 10:09:41+00:00,Detesto apresenta√ß√µes orais !!
1394232371633967106,2021-05-17 10:04:35+00:00,"Detesto falar por mensagens.
Amigos, se querem meter a conversa em dia, liguem ou marquem um caf√©.
Que seca estar sempre a responder parece que estou no secund√°rio"
1394201442907471873,2021-05-17 08:01:41+00:00,Detesto os autocarros d Esp√≠rito Santo
1394196691352494080,2021-05-17 07:42:48+00:00,"#PasseioHigienico 

Detesto ciclistas nos passeios."
1394112691908849666,2021-05-17 02:09:01+00:00,"üôÑ N√£o gosto quando fico com um pensamento entalado... Tenho a impress√£o que se n√£o perceber at√© onde ele pode ser verdade, n√£o consigo ficar bem. Detesto este meu lado profundamente irritante de n√£o aceitar meias verdades como solu√ß√£o de nada... sorry world"
1394111517730250756,2021-05-17 02:04:21+00:00,@meninopedro21 @jbizarro tamb√©m detesto esse tipo de gente linguaruda.    f...sempre a meter o bedelho!
1394077842284101634,2021-05-16 23:50:32+00:00,Detesto estas coisas
1394077667083919361,2021-05-16 23:49:51+00:00,Detesto sentir que falam comigo s√≥ porque sim üòî
1394077658426793987,2021-05-16 23:49:49+00:00,Detesto quando as outras pessoas tem raz√£o
1394075877105971200,2021-05-16 23:42:44+00:00,"Detesto ser controlado, seja por quem for"
1394075144302305281,2021-05-16 23:39:49+00:00,"@imhelenasofia @LetsiSelma Estou irritada! Detesto pessoal com arrogancia e faltas de respeito! Por isso √© que nao vejo essa merda do got talent, vao milhares de talentos la, e os jurados, uma √© cantora, a outra atriz e os outros dois nem sei!"
1394064952680493057,2021-05-16 22:59:19+00:00,"Detesto quando vou jogar, entro no jogo √© depois o comando fica sem bateria, assim n√£o, assim n√£o d√°"
1394061315044528129,2021-05-16 22:44:52+00:00,O que mais detesto na internet brasileira √© gente como o M0narck ter alguma relevancia.
1394049725268209664,2021-05-16 21:58:49+00:00,"Detesto quando o fim de semana acaba, s√≥ quero morrer"
1394047472801128460,2021-05-16 21:49:52+00:00,"Mas voc√™s que gostam de ser paquerados √© como? 
Eu detesto!!!"
1394041617443590146,2021-05-16 21:26:36+00:00,Detesto n√£o saber as coisas antes
1394040077987336193,2021-05-16 21:20:29+00:00,@vicmcIovin obrigado vic detestei
1394038866844266499,2021-05-16 21:15:40+00:00,"N√£o gosto de futebol. Na copa eu me meto a torcer, mas... Acho realmente um ambiente hostil. N√£o gosto de torcida. A homofobia geralmente corre solta. Detesto os do meu estadoü§¢. Eu odiava morar perto do Castel√£o. Mas a a√ß√£o desse time a√≠ em rela√ß√£o ao Gil foi massa! üôåüèª j√° √© algo https://t.co/wjVLT48aFR"
1394028592175230983,2021-05-16 20:34:50+00:00,DETESTO n√£o saber o que fazer
1394027462389075980,2021-05-16 20:30:21+00:00,"Detesto domingos
Morro de saudades mesmo antes de o deixar na esta√ß√£o ü•∫"
1394025590118813698,2021-05-16 20:22:55+00:00,Detesto que finjam que se importam ou que gostam de mim
1394010334722146306,2021-05-16 19:22:17+00:00,O q mais detesto √© que cheguem atrasados aos compromissos meu porra
1394006825964556290,2021-05-16 19:08:21+00:00,Detesto quando me chamam de mor https://t.co/PnmZ06TUGj
1394001643113525254,2021-05-16 18:47:45+00:00,"Eu detesto repetir-me, mas: 
CAMPE√ïES CARALHO üíö

#HoqueiSCP"
1394001168376942592,2021-05-16 18:45:52+00:00,Detesto pessoas ingratas. Maior qualidade que podes ter √© ser grato pelo o que as pessoas j√° fizeram por ti
1393998347569086471,2021-05-16 18:34:39+00:00,"@Gabrielproencam Eu detestava o calor ai, aqui detesto mais pq √© seco"
1393991752588177408,2021-05-16 18:08:27+00:00,"Sou Bar√ßa. Pelo estilo de futebol.
Detesto o Real Madrid, por ser o rival.
Mas detesto ainda mais a forma de jogar de Simeone e acho que o anti-futebol merece ser castigado.
Mesmo que isso signifique ver o grande rival... festejar um campeonato (coisa rara nos √∫ltimos tempos)."
1393985192218537984,2021-05-16 17:42:23+00:00,@talvasconcelos Cita√ß√£o sem contexto. Desonesta. E detesto compara√ß√µes com teologia pol√≠ticas de extremas direitas ou esquerdas.
1393962742378373121,2021-05-16 16:13:11+00:00,"As pessoas devem pensar que eu ando sempre com as mesmas cal√ßas, mas s√£o todas diferentes. Eu √© que detesto cal√ßas de gangaüòÇ"
1393946176685236232,2021-05-16 15:07:21+00:00,Detesto estar assim mas pronto
1393939057022050307,2021-05-16 14:39:03+00:00,detesto a sensa√ß√£o com que fico nas pontas dos dedos depois de curtar as unhas
1393920564650184712,2021-05-16 13:25:35+00:00,detesto o processo todo para escolher o que levo para um casamento üò°
1393917753095036928,2021-05-16 13:14:24+00:00,"Detesto raparigas que n√£o querem dizer de onde √© a pe√ßa de roupa, FILHA AS LOJAS S√ÉO P√öBLICAS"
1393897415283982342,2021-05-16 11:53:35+00:00,"se h√° coisa que detesto s√£o pessoas mimadas, ingratas e pouco humildes"
1393892193086185473,2021-05-16 11:32:50+00:00,"@AngelaL79638582 @mary_n2013 Eu era ruiva escura, na altura gostava porque se usava, agora detesto. Sim, ficam, mas eu gosto desse alaranjado. S√≥ n√£o pinto dessa cor porque √© de fantasia e cada m√™s tinha que pintar cabelo todo e n√£o apenas as ra√≠zes, explicou cabeleireira. Al√©m de ficar + caro, estraga mais"
1393890715055370243,2021-05-16 11:26:58+00:00,@catarinaplopes Nunca vi. Eu detesto musicais ahah
1393884601920151555,2021-05-16 11:02:40+00:00,"@_Fabio_David Eu tamb√©m detesto, mas levou me a mem√≥rias de grandes noites antes da pandemia"
1393875104988282880,2021-05-16 10:24:56+00:00,Detesto falta de comunica√ß√£o
1393864413392818178,2021-05-16 09:42:27+00:00,@AndreCVentura Detesto filmes destes.. Repetidos ent√£o...
1393839604030189569,2021-05-16 08:03:52+00:00,@byneca @ndantas J√° pensaste que pode ser uma escolha em querer lavar? Detesto que lavem os meus ve√≠culos.
1393835486846889985,2021-05-16 07:47:30+00:00,Detesto ter esta sensa√ß√£o de ansiedade AAAAA
1393786402475806720,2021-05-16 04:32:28+00:00,"tou bue nost√°lgica j√°, √© por isso que detesto acordar a meio da noite :-)"
1393734013349728264,2021-05-16 01:04:17+00:00,"Detesto que n√£o entendam quando eu tento admitir os erros e falar, e no fim ainda me comparam aos outros"
1393730933371641857,2021-05-16 00:52:03+00:00,"Em tempo, o que eu detesto o Nen√™ dentro de campo √© sacanagem! Fala muito e geralmente joga muito pouco"
1393727844451246082,2021-05-16 00:39:46+00:00,Detesto estar sem wpp
1393723102195027970,2021-05-16 00:20:56+00:00,Detesto pessoas passageiras
1393707561447301120,2021-05-15 23:19:11+00:00,Detesto minhas olheiras https://t.co/qqMUuPxLwO
1393699962375004162,2021-05-15 22:48:59+00:00,Tanto no h√≥quei como no futebol detesto finais contra o sporting √© que √© sempre mesma merda ultimamente. E o @FCPorto j√° perdeu 3 finais europeias espero que seja desta vez üôèüîµ‚ö™Ô∏è
1393684106588864513,2021-05-15 21:45:59+00:00,Detesto sentir saudades de pessoas que n√£o mereciam nem um pingo da minha aten√ß√£o
1393662710525595659,2021-05-15 20:20:57+00:00,"@domingosmiguel Zero. Vi um concerto deles no Rio, detestei."
1393661802282692610,2021-05-15 20:17:21+00:00,@Lucyfree8spirit Olha menina .a Joana nunca mas nunca me pediu nadinha..sabes qual o problema.e q eu detesto traicao..e gente sem qualidade ..üòâ fica bem.e se feliz.
1393656092966588417,2021-05-15 19:54:40+00:00,@tecno_boy @Berrador √â isso. Detesto calor.
1393646176793206784,2021-05-15 19:15:15+00:00,"@aluap50680673 @KatLuna90 E achas que gostei de ter perdido? Alguma vez que viste dizer que o jogo era a feij√µes? Gostei de ganhar o campeonato, mas detestei perder, principalmente contra quem foi. Mas percebo a derrota de hoje...santa alian√ßa."
1393641654201069575,2021-05-15 18:57:17+00:00,"@Purecas Cambada de chatos, detesto pessoas chatas."
1393639634576490496,2021-05-15 18:49:16+00:00,"Detesto ver os jogos na BTV jr , que nojo de comentadores"
1393628461030416385,2021-05-15 18:04:52+00:00,@_diogo_delgado_ eu detesto
1396715908605829122,2021-05-24 06:33:16+00:00,@Nels033 Eu detesto quando fazem isso mano
1396660495499792391,2021-05-24 02:53:05+00:00,"@LiaDeSousa1 Eu detesto,fica entrando e incomoda muito."
1396623321098297345,2021-05-24 00:25:22+00:00,Detesto car√™ncia
1396610445998534656,2021-05-23 23:34:12+00:00,A coisa que eu mais detesto √© NARIZ ENTUPIDO ficooooo absurdamente puta com isso
1396609421434884105,2021-05-23 23:30:08+00:00,√â fodido admitir esta merda mas √© a verdade. Detesto sentir-me assim depois de ler um YA
1396604984519806979,2021-05-23 23:12:30+00:00,Querem me fazer uma entrevista e eu ‚ú®detesto‚ú® c√¢maras
1396604636019232768,2021-05-23 23:11:07+00:00,Como eu detesto segunda feira
1396599349598109699,2021-05-23 22:50:07+00:00,√â que com todo o respeito √†s In√™s mas eu detesto o meu nome
1396598058465599496,2021-05-23 22:44:59+00:00,"@tomassrnuness @Watt3388 @SLBenfica Detesto ver o canal Hist√≥ria,  para mim √© simples se n√£o cumpre objectivos √© incompetente. Taxa de sucessos (titulos) na √©poca 2020/21: 0%
Medidas a tomar: limpar balne√°rio,  os baz√≥fias t√™m prioridade"
1396589228839084032,2021-05-23 22:09:54+00:00,@TheRealJuliaG_ Para mim √© dif√≠cil. S√£o as duas equipas que mais detesto. As duas na segunda √© que era...
1396588596837163008,2021-05-23 22:07:23+00:00,"Adoro ora√ß√µes, detesto verbos :) https://t.co/oaVi3XEywi"
1396583230992695300,2021-05-23 21:46:04+00:00,"S√≥ eu detesto a personalidade do Lucas em #HellsKitchen?
#HellsKitchenPortugal"
1396582968316026884,2021-05-23 21:45:01+00:00,"@tiagom4rtins30 @dany1c217 @JOliveira10_ Detesto ouvir falar nos ses, helton nao toca e ponto"
1396579546011406343,2021-05-23 21:31:25+00:00,"@littigf1 detesto series ,pois sou imediata ."
1396573481555333121,2021-05-23 21:07:19+00:00,"@sunlight_hello Claro. Eu tento tratar todos com cordialidade, mesmo que n√£o concorde com os pontos de vista que defendem. Mas se forem deselegantes, azedo!!! Detesto impertinentes...e pessoinhas com as fraldas ainda a cheirar a xixi q se acham as maiores da cantareira."
1396569857483759617,2021-05-23 20:52:55+00:00,"Detesto ir meter gas√≥leo no carro, ainda agora me cheiram as m√£os a gas√≥leo"
1396567138681430016,2021-05-23 20:42:07+00:00,Detesto pessoas que fazem as merdas e dps culpam os outros lol
1396518712627318786,2021-05-23 17:29:41+00:00,Detesto ficar falando deu vontade faz filho euem
1396508827432935427,2021-05-23 16:50:24+00:00,"S√≥ queria poder sair e estar eu a comprar as coisas como quero, detesto que fa√ßam as coisas por mim, d√° sempre merda"
1396506324528242701,2021-05-23 16:40:28+00:00,@CtiaRochaSanto1 E ainda n√£o viu nada. Detesto pedantes.
1396503355053248515,2021-05-23 16:28:40+00:00,Detesto que me ignorem acho que √© das coisas que mais me irrita
1396497085919334409,2021-05-23 16:03:45+00:00,"@_Riitinhaa_ o Jorge Jesus eu tbm detesto,, cada vez que o Arthur falava dele eu partia-me a rir kkkkkkk"
1396492529013563396,2021-05-23 15:45:39+00:00,"Do que ser a que tira a mesa, detesto essa tarefaü§¨ https://t.co/rQ8erAk5Xz"
1396479869886795781,2021-05-23 14:55:20+00:00,Detesto andar devagar em carros! üòíüòí
1396468550802550785,2021-05-23 14:10:22+00:00,@lula13133 @zeliaduncan Eu sou do Rio e o detesto e muita gente que eu conhe√ßo. Mas infelizmente foi aqui que esse caipira se criou e teve os tr√™s psicopatinhas.
1396463345176399879,2021-05-23 13:49:41+00:00,"Temperar a salada com vinagre, comigo n√£o resulta. Detesto o cheiro do vinagre."
1396435758811172864,2021-05-23 12:00:04+00:00,"Tenho um pressentimento que o Lille vai entregar o t√≠tulo ao PSG hoje. Vou aziar, n√£o porque gosto do Lille (n√£o gosto), mas porque detesto tudo o que o PSG representa."
1396430096534233091,2021-05-23 11:37:34+00:00,detesto acordar com berros
1396420291442749442,2021-05-23 10:58:36+00:00,@Olavississimo @LCC_EU Calmissimo. Detesto √© propaganda
1396391371557191686,2021-05-23 09:03:41+00:00,Detesto os ciclistas de Domingo!! Porque √© que n√£o podem simplesmente ir em filinha em vez de me ocuparem a faixa toda num s√≠tio em que nem vos posso ultrapassar?!  üôÉ
1396972731963428865,2021-05-24 23:33:48+00:00,"@57iamtenente @NoiteAguia O Concei√ß√£o pegou num Porto intervencionado pela UEFA e ganhou 2 campeonatos, fez +200M em presen√ßas europeias, etc etc. Que fique claro que o detesto, j√° agora"
1396966500582449153,2021-05-24 23:09:02+00:00,Detesto sentir-me assim...
1396965784036036610,2021-05-24 23:06:11+00:00,"Detesto que me fa√ßam merdas destas, mais vale n√£o dizerem nada"
1396953576145031174,2021-05-24 22:17:41+00:00,"Detesto estar assim, fico sem fome nenhuma e completamente mal disposta"
1396952014400143363,2021-05-24 22:11:29+00:00,Detesto que me demorem a responder ...
1396928608539758594,2021-05-24 20:38:28+00:00,"detesto partilhar mem√≥rias importantes com gente que n√£o t√° mais na minha vida, toda vez que passo por campo grande penso nela e D√ìI TANTO 

q merda"
1396928606824275972,2021-05-24 20:38:28+00:00,"a primeira vez que vi patinhos foi com ela

me detesto por isso"
1396928403362746375,2021-05-24 20:37:39+00:00,"Eu detesto a personagem, mas a Lurdes conseguiu entrar para o meu top das melhores vers√µes do gen√©rico #amoramor"
1396918459930456064,2021-05-24 19:58:08+00:00,"Eu n√£o entendo uma coisa se voc√™s apoiam me porque que n√£o falam comigo? 

Detesto falsidade... üëå"
1396906658685722625,2021-05-24 19:11:15+00:00,"@abendhimmeln Morar na Alemanha fez meu alem√£o evoluir, mas eu detestei muito aquele lugar. Hahaha!
T√¥ na luta pelo financiamento de estudos tamb√©m!!"
1396901737684942848,2021-05-24 18:51:42+00:00,Detesto sentir me assim depois quem leva por tabela √© quem nao merece
1396896961144500225,2021-05-24 18:32:43+00:00,"Se h√° coisa que eu DETESTO √© eu estar a falar normalmente com as pessoas, sem querer entrar numa discuss√£o feia (at√© pq neste caso seria desnecess√°rio), e come√ßarem a escrever o meu nome nas frases. Mm em tom de discuss√£o."
1396871688395100161,2021-05-24 16:52:17+00:00,"Ainda me ligam pra sacar freela de evento/atendimento de mesa, toda vez me lembro o qu√£o eu detesto trabalhar nessas coisas kk"
1396857426889035779,2021-05-24 15:55:37+00:00,"@__sherandom__ Epah, detesto o meu corretor ! Fdsss *todas üòù"
1396857330441011201,2021-05-24 15:55:14+00:00,"Fiquei uma hora em chamada com a Luana, e eu que detesto falar por chamada."
1396855943879663621,2021-05-24 15:49:44+00:00,"Detesto telefones
-meu pai 2021"
1396850656049303557,2021-05-24 15:28:43+00:00,@goldshake13 Detesto quando vou atravessar e uma baleia d√°-me um encontr√£o tipo?? Com licen√ßa??
1396847271115993088,2021-05-24 15:15:16+00:00,"detesto vai e vens, h√° sempre um banana q se vomita todo"
1396841603130593287,2021-05-24 14:52:44+00:00,"Adoro o estilo beto, mas detesto betos.."
1396836577918308353,2021-05-24 14:32:46+00:00,"Detesto gente que pensa que na compara√ß√£o de situa√ß√µes vai ter sempre raz√£o, nojo"
1396829738996535301,2021-05-24 14:05:36+00:00,"Detesto cinismo , falsidade hipocrisia,  gente que fala uma  coisa depois pensa  e faz outraü§Æ"
1396823463638323202,2021-05-24 13:40:40+00:00,Detesto o pessoal da Nos est√° uma pessoa a ter aulas e eles andam a brincar aos cortes de Netüòí
1396821244071358465,2021-05-24 13:31:50+00:00,Epah detesto que fiquem colados a olhar para mim no gym
1396819401140281347,2021-05-24 13:24:31+00:00,As coisas que mais detesto s√£o as coisas que mais fazem!
1396814154279890946,2021-05-24 13:03:40+00:00,"Para isso n√£o te dou,me fazer perder tempo detesto. https://t.co/N40hvaepRj"
1396793466634608643,2021-05-24 11:41:28+00:00,"Se a coisa que eu detesto s√£o rasteiros, pedem favores porque n√£o fazem pela vida e depois √© a falsa f√© ? Tudo tem consequ√™ncias."
1396771880292519936,2021-05-24 10:15:41+00:00,"Detesto os emojis do Twitter üôÑüôÑ
N√£o parecem t√£o chateados quanto √© suposto"
1396756477067599882,2021-05-24 09:14:29+00:00,@filipe_d_gomes @cinemusiques @piedade_de_mim @leofilip95 O que eu detesto √© probabilidade e estat√≠stica. Integrais √© na boa.
1396754879884972035,2021-05-24 09:08:08+00:00,"@CorsinoSarah Por vezes como sem a√ß√∫car .. √© s√≥ com canela.
Detesto √© o que os espanh√≥is fazem que √© molhar churros em chocolate quente ...."
1396737915301023744,2021-05-24 08:00:43+00:00,Detesto quando me obrigam a inventar coisas para obterem o que querem. As minhas m√£os doem
1397709416850460678,2021-05-27 00:21:07+00:00,detesto estar assim üòµ
1397707998047449091,2021-05-27 00:15:29+00:00,"ep√° eu detesto adormecer assim √† toa durante tipo 1 hora, acordo sempre toda perdida e com uma dor de cabe√ßa p√©ssima"
1397707344428077064,2021-05-27 00:12:53+00:00,Detesto estar sem bateria üôÇ
1397701740405870593,2021-05-26 23:50:37+00:00,Nossa detesto esse cara viu kakaka ü§£ü§£ü§£ n√£o fala comigo n√£o
1397679186668658693,2021-05-26 22:21:00+00:00,Detesto ver pessoas a rebaixar outras a minha frente
1397678812373127170,2021-05-26 22:19:31+00:00,"Detesto adormecer com barulho da tv, detesto adormecer com qualquer luz a entrar no quarto, detesto almofadas (excepto em caso de enxaqueca), enfim uma pessoa normal"
1397673960804859911,2021-05-26 22:00:14+00:00,"O United √© mais um clube que detesto a par do Benfica, Real Madrid e Juventus"
1397672911570411525,2021-05-26 21:56:04+00:00,Detesto o De Gea.
1397670045464117248,2021-05-26 21:44:40+00:00,@DTransferencias Entre v√°rios este o que mais detestei. S√≥ poupou um clube.
1397669508656078850,2021-05-26 21:42:32+00:00,"Detesto ver penaltis, que afli√ß√£o que me faz"
1397668154676072449,2021-05-26 21:37:10+00:00,ela sabe que detesto ser anciosa e faz essas coisas olhem l√° a parva
1397649360045940738,2021-05-26 20:22:29+00:00,Detesto tirar prints sem crer fds
1397637789487861765,2021-05-26 19:36:30+00:00,@Ricardo70738386 Detesto aquela manipula√ß√£o √†s crian√ßas.
1397631669763510275,2021-05-26 19:12:11+00:00,Detesto que estejam a desvalorizar o que estou a sentir. Estou num daqueles dias em que estou t√£o irritada com tudo que s√≥ me apetece chorar e berrar de raiva e ainda est√£o a mandar vir comigo porque n√£o sei lidar com a vida.
1397626530981875717,2021-05-26 18:51:46+00:00,Se h√° ra√ßa que detesto √© a ra√ßa gamer
1397624388678209539,2021-05-26 18:43:15+00:00,"Detesto cozinhar com bue gente na cozinha, d√° vontade de lutar. üôÑ"
1397620399119142913,2021-05-26 18:27:24+00:00,Detesto combinar coisas e ficar pendurada.
1397617013594415105,2021-05-26 18:13:57+00:00,"Detesto esperar pelas pessoas, que raiva"
1397611878717792256,2021-05-26 17:53:32+00:00,Detesto mentiras!!!!üñïüèº
1397610864480604164,2021-05-26 17:49:31+00:00,eu literalmente detesto falar ao telem√≥vel e pedi tudo mal
1397609474903396361,2021-05-26 17:43:59+00:00,"Detesto gente cega...caramba √© filha mas n√£o tem no√ß√£o que a filha √© cruel, m√°...o menino √© que atravessou sem olhar?Acordem pais deste mundo, fiquem atentos isto n√£o acontece s√≥ aos outros. https://t.co/m33HQJuFDx"
1397599119984758788,2021-05-26 17:02:50+00:00,Se h√° coisa que eu detesto √© professores arrogantes e com a mania da superioridade
1397599017865973767,2021-05-26 17:02:26+00:00,@Mmacedo_tweets Detesto quando isso acontece.
1397590181151117315,2021-05-26 16:27:19+00:00,Detesto quando estou num local p√∫blico e sem querer eu clico num v√≠deo e o som ativa e as pessoas olham tds para mim e eu fico logo envergonhado e tento o mais r√°pido tirar o som e fa√ßo um tour ao telem√≥vel  bem r√°pido na tentativa de tirar o som e no fim demoro mais para tirar
1397585644675809286,2021-05-26 16:09:18+00:00,tamb√©m detesto √°udios https://t.co/pzOTIhxxCK
1397571413347819523,2021-05-26 15:12:45+00:00,"Acho que Passos Coelho vai dizer que nao esta disponivel at√© sentir que tem toda a direita na mao para poder governar e enquanto n√£o houver varios ""notaveis"" (express√£o que detesto) a implorar por ele e ele l√° far√° o ""frete""."
1397568525766692865,2021-05-26 15:01:16+00:00,"AHHH, detesto  pessoas"
1397568184669061123,2021-05-26 14:59:55+00:00,"@i_melosampaio Detesto bullies! Fui durante algum tempo alvo  deles, um dia decidi que chegava e como j√° fazia bastante desporto era +r√°pido e forte do que parecia e tudo acabou com um nariz partido e um olho negro (neles) nunca mais tive problemas, detesto bullies detesto mesmo!"
1397554882203299841,2021-05-26 14:07:03+00:00,Se tem coisa que eu detesto √© ter d esperar
1397520541288964096,2021-05-26 11:50:36+00:00,Nem sei se detesto mais Eletro ou CP
1397496245837565953,2021-05-26 10:14:03+00:00,Detesto pessoas que trabalham em grupo e n√£o sabem ouvir opini√µes
1397493309522776064,2021-05-26 10:02:23+00:00,Palavras que mais detesto que me digam: ‚ÄúOI?‚Äù. E a vossa?
1397479046515249155,2021-05-26 09:05:43+00:00,Nunca fiquei t√£o nervosa para uma apresenta√ß√£o! Que nem vale um c* üòíüòí detesto esta stora üò§
1397459713978142722,2021-05-26 07:48:54+00:00,"Eu detesto gente que come√ßa a falar aos berros logo de manh√£, calem a boca insuport√°veis"
1397440061478735873,2021-05-26 06:30:48+00:00,Fica aqui bem claro que detesto acordar cedo üò§
1397417819910909955,2021-05-26 05:02:25+00:00,Detesto que estejam on-line e n√£o me respondem
1397343097265197056,2021-05-26 00:05:30+00:00,"portanto amanh√£ que ningu√©m fale para mim, bem basic. vou chegar a casa √†s 15h30 e aterrar, no dia a seguir tenho de ir trabalhar na mesma de manh√£ e n√£o vou conseguir dormir √† noite, e pronto continuam a n√£o entender porque √© que eu detesto trabalhar de manh√£."
1397317849027391491,2021-05-25 22:25:10+00:00,Eu detesto decorar fds
1397317824289333248,2021-05-25 22:25:04+00:00,Detesto o per√≠odo fr
1397317658568232963,2021-05-25 22:24:25+00:00,"Detesto as quartas feiras ,fim."
1397309688841187329,2021-05-25 21:52:45+00:00,"fui √† cozinha E EST√Å UM CHEIRETE A FOSSA, QUE √ìDIO. DETESTO VIVER NO MEIO DA ALDEIA"
1397307004251738117,2021-05-25 21:42:05+00:00,"Hoje os dois homens que mais detesto fazem anos... ainda dizem que a astrologia n√£o √© real üëÄ
A big fuck you to the both of you ü•∞üòò"
1397304641843568641,2021-05-25 21:32:41+00:00,"detesto atrasar a minha vida por culpa de algu√©m

detesto quando algu√©m se acha no direito de agir como se o seu tempo fosse mais valioso do que o meu"
1397302866344304645,2021-05-25 21:25:38+00:00,"Em minha defesa ela desenhou amoras e eu detesto amoras 
N√£o vou fazer uma tatuagem com amoras quando n√£o como amoras uk"
1397291320666902537,2021-05-25 20:39:45+00:00,@Vega9000 J√° eu detesto idiotas √∫teis. Mas da menos trabalho viver de joelhos n√£o √©?
1397291179562184705,2021-05-25 20:39:12+00:00,"Detesto esse per√≠odo de tpm, me acaba completamente."
1397289099216752641,2021-05-25 20:30:56+00:00,"Detesto que os meus amigos me conhe√ßam bem, √© que dps n sei mentir."
1397286091443609618,2021-05-25 20:18:59+00:00,Detesto indiretas... Se tens algo a dizer diz logo
1397280934387490823,2021-05-25 19:58:29+00:00,O TANTO QUE EU DETESTO MELANCIA N√ÉO EST√Å ESCRITO https://t.co/l2AnMmnXNz
1397272674884329473,2021-05-25 19:25:40+00:00,"@mariamachadojk AHAHAHAHAHHAHA ok j√° sei como fazer para me parares de imitar lampi√£o chato a tua sorte √© que eu n√£o detesto tanto o porto como detesto o benfica a melhor equipa de Portugal √© o Porto, aceita q doi menos"
1397258847853715458,2021-05-25 18:30:43+00:00,"@jcangaia Por enquanto estou bem, o PS tem conseguido posicionar-se ao centro, mas detesto n√£o ter alternativas."
1397258704760852483,2021-05-25 18:30:09+00:00,"detesto aquele stor , o fdp n√£o d√° mat√©ria s√≥ cr√≠tica"
1397234849728040961,2021-05-25 16:55:22+00:00,S√≥ tenho a dizer que detesto dentista
1397203010586095618,2021-05-25 14:48:51+00:00,"@SILPROSAMIGOS Eu tamb√©m.

E,acrescentando que tb detesto aca√≠ ,j√° tentei gostar mas n√£o vale a pena,desistiüòÖ"
1397202246371319818,2021-05-25 14:45:48+00:00,"Podia tanto deixar de apanhar transportes p√∫blicos, detesto"
1397189304150016013,2021-05-25 13:54:23+00:00,"@imwoly well, not only, but also. n√£o detesto, acho que at√© teria potencial, mas falta ali alguma coisa, n√£o sei"
1397173738320302081,2021-05-25 12:52:32+00:00,"@JosMurta A verdade √© que n√£o √© muito dif√≠cil agradar-me em filmes e se calhar h√° muitos filmes que eu j√° vi e adoro que para outros s√£o um lixo, mas avatar eu detestei mesmo! Outros filmes que eu n√£o gostava nada era aquela shit do Crep√∫sculo!"
1397167457824038915,2021-05-25 12:27:34+00:00,"detesto ir ao medicamento sem a minha m√£e, sinto me b pressionada"
1397166712861122564,2021-05-25 12:24:37+00:00,Detesto sand√°lias quadradas juro n√£o consigo achar nenhuma bonita üò¨
1397145233784254469,2021-05-25 10:59:16+00:00,preciso urgentemente de comprar um rato porque o meu deixou de dar de um lado e faz me tanta falta üò© detesto mexer no do pc
1397143368589791235,2021-05-25 10:51:51+00:00,"Detesto pessoas incompetentes, juro."
1397140369666674689,2021-05-25 10:39:56+00:00,"@f1overfut18 Detesto ""ambas as duas"" mas n√£o suporto a sele√ß√£o do Jorge Mendes. E j√° vem de 2003 com o cortador de picanha!"
1397114133980532737,2021-05-25 08:55:41+00:00,"Sinto que hoje vai ser outro dia a n√£o ser produtiva, detesto quando assim √©"
1397112976390475776,2021-05-25 08:51:05+00:00,"quem t√° habituado a treinar num gin√°sio tipo holmes place raramente se habitua √† outros, eu por exemplo, detestei o solinca..."
1399354195313139719,2021-05-31 13:16:53+00:00,"eu detesto passar a ferro com o calor, mas continuo a comprar roupa de ver√£o que precisa de ser passada a ferro ü§°"
1399347999940173830,2021-05-31 12:52:16+00:00,Como eu detesto isso
1399346167629160454,2021-05-31 12:44:59+00:00,Eu adoro usar vestido mas ao mesmo tempo detesto. Parece que nunca viram pernas
1399339586120257536,2021-05-31 12:18:50+00:00,@BoyMarshall_ Eu tamb√©m detesto üòÇ
1399338250116927491,2021-05-31 12:13:31+00:00,"Meu deus eu detesto ser grossa, mas pense numa coisa que me tira do s√©rio √© gente querendo empurrar contrato de energia/luz pelo amor de deus"
1399336641802739712,2021-05-31 12:07:08+00:00,"Sim, estou a pedir ajuda, algo que detesto fazer mas sozinho n√£o consigo tudo...

Obrigado desde j√°.
Muito obrigado por todo o apoio que me t√™m dado at√© este momento! https://t.co/RwMRcC1Pwl"
1399321914108268545,2021-05-31 11:08:37+00:00,"Detesto que me chamem Daniela, n√£o sei porqu√™ n√£o curto nada."
1399319479256027140,2021-05-31 10:58:56+00:00,"@pontejornalismo @mendoncjeniffer O policial pediu para se afastar e ningu√©m cumpria..
Isso ningu√©m fala..
Eu detesto abuso policial mas tenho que saber ver que o cidad√£o n√£o obedecia e ia para cima do policiA ."
1399311861330366468,2021-05-31 10:28:40+00:00,Detesto ser acordado
1399310117502345220,2021-05-31 10:21:44+00:00,Detesto estas revis√µes de prova por zoom √© uma eternidade
1399309882424188929,2021-05-31 10:20:48+00:00,J√° eu me oponho mais ao p√¥r do sol. Detesto despedidas. https://t.co/FXQrt2CDZ2
1399297756691369987,2021-05-31 09:32:37+00:00,"Se h√° coisas que eu detesto e que me fa√ßam de mim estupida ! 
E para mim isto n√£o s√£o amigas."
1399278095614496771,2021-05-31 08:14:29+00:00,Detesto pessoas mentirosas e oportunistas!
1399270504947650561,2021-05-31 07:44:20+00:00,detesto o meu cabelo hahahaya
1399269563347488768,2021-05-31 07:40:35+00:00,"detesto a confus√£o de coimbra, mal posso esperar por ir estagiar para g√≥is"
1399269404639215620,2021-05-31 07:39:57+00:00,Detesto estar s√≥brio
1399254059538919424,2021-05-31 06:38:59+00:00,Detesto estar nos transportes p√∫blicos e come√ßar a ter comich√£o no nariz :(
1399232655762366467,2021-05-31 05:13:56+00:00,Detesto express√µes orais.
1399223733559066628,2021-05-31 04:38:29+00:00,Eu detesto noites de ver√£o pqp
1399149045965377541,2021-05-30 23:41:42+00:00,Detesto quando tou a ouvir m√∫sica pa deprimir e o an√∫ncio interrompe
1399145746046279681,2021-05-30 23:28:35+00:00,Eu detesto me por repetir sempre os mesmo erros aaaa que √≥dio
1399135400095068172,2021-05-30 22:47:28+00:00,Oh passo bue pouco tempo com o meu irm√£o quando venho aqui fogo detesto
1399133645294669824,2021-05-30 22:40:30+00:00,Detesto que entrem no meu quarto sem baterem √° porta
1399109110864416770,2021-05-30 21:03:00+00:00,Detesto pessoas com duas caras
1399080993068363778,2021-05-30 19:11:17+00:00,"@roufinou S√£o uns amores, s√≥ detesto quando s√£o mal educados"
1399075025723052036,2021-05-30 18:47:34+00:00,Detesto gente que fica falando que nunca tem dinheiro mas vive luxando.
1399069284530335752,2021-05-30 18:24:45+00:00,detesto gente falsa
1399068252802895873,2021-05-30 18:20:39+00:00,@mpercb Mesmo. E a melhor maneira de ver cinema em paz.. detesto ter que levar com audio descri√ß√£o a toda a hora do vizinho do lado. üòäüòäüëçüèªüòå
1399066604823056385,2021-05-30 18:14:06+00:00,"Depois da maravilhosa recupera√ß√£o merec√≠amos ter sido campe√µes hoje , üèÄüêâ detesto negras #FCPortoBasquetebol"
1399065544154824706,2021-05-30 18:09:53+00:00,Detesto domingos
1399059531808886785,2021-05-30 17:46:00+00:00,Detesto que me ignorem
1399046445458771972,2021-05-30 16:54:00+00:00,Detesto errar mas aprecio quando chamam-me √† aten√ß√£o.
1399030436819517445,2021-05-30 15:50:23+00:00,Revista √† portuguesa. Detesto tanto...
1399025407970709507,2021-05-30 15:30:24+00:00,Detesto que me fa√ßam de parva
1398989253678338053,2021-05-30 13:06:44+00:00,Detestei o meu sonho 0/10 mesmo
1398945752676716544,2021-05-30 10:13:53+00:00,Detesto que me tentem tirar a liberdade fdse
1398913887538499585,2021-05-30 08:07:16+00:00,sabem eu detesto trabalhar com hor√°rio obrigat√≥rio
1398911501373788170,2021-05-30 07:57:47+00:00,detesto a minha barriga.
1398910470459998211,2021-05-30 07:53:41+00:00,Detesto esta equipa! N√£o d√°! N√£o d√° mesmo!
1398829462570082305,2021-05-30 02:31:47+00:00,Detesto espinhas cresceu n√© 2 na cara batiiii mal
1398805229173358598,2021-05-30 00:55:29+00:00,"Detestei a vit√≥ria do chelsea, mas √© imposs√≠vel detestar o Kant√© e esta foto https://t.co/2hxxpCOiSl"
1398785271076954112,2021-05-29 23:36:11+00:00,Detesto quando combinam cenas e depois n√£o atendem a porra do telem√≥vel
1398781418956808194,2021-05-29 23:20:53+00:00,detesto fazer anos
1398778105335005186,2021-05-29 23:07:43+00:00,estou mesmo chateada! detesto trocar roupa que me d√£o.
1398759315050217474,2021-05-29 21:53:03+00:00,"Eu detesto qualquer forma de vers√£o nacionalista da hist√≥ria brasileira, principalmente aquelas que lan√ßam um ideal her√≥ico por tr√°s da funda√ß√£o do nosso pa√≠s. A mera solidifica√ß√£o do conceito de ‚ÄúBrasil‚Äù enquanto unidade territorial √© uma inven√ß√£o de 1808.

1/7"
1398752306120773635,2021-05-29 21:25:11+00:00,detesto palha mas esse stor decidiu mm pedir um essay de 12 p√°ginas‚Ä¶.
1398746982693412864,2021-05-29 21:04:02+00:00,Detesto o Chelsea. Equipa nojenta. Guardiola meteu os p√©s pelas m√£os hoje. N√£o concordei em nada com p 11 e as substitui√ß√µes
1398746581348798475,2021-05-29 21:02:27+00:00,"Detesto o Chelsea, mas o que √© certo √© que sabem ganhar finais."
1398744734982672390,2021-05-29 20:55:06+00:00,"Detesto fazer relat√≥rios, D E T E S T O s√≥ essas refer√™ncias demora mais que tudo"
1398743826269970444,2021-05-29 20:51:30+00:00,Cada vez mais detesto fins de semana.
1398742340127297537,2021-05-29 20:45:35+00:00,"√â cada tone n√£o suporto estes focos na bancada, detesto ingleses"
1398738663547322389,2021-05-29 20:30:59+00:00,"@davidcunha222 Vai acontecer, Quero os tugas campe√µes e eu detesto o chelsea"
1398738604667584517,2021-05-29 20:30:45+00:00,Detesto este t√©dio constante
1398729767076175872,2021-05-29 19:55:38+00:00,Tem um povo que √© surrealmente bonito. D√° um nervoso de v√™! Detesto quando aparece na minha timeline
1398726309791121413,2021-05-29 19:41:53+00:00,Se h√° merda que detesto √© que se atrasem. Se me dizem uma hora ou t√£o √† hora ou ent√£o n√£o vale a pena
1398716574538797064,2021-05-29 19:03:12+00:00,detesto quando as pessoas mudam comigo.
1398709810019901441,2021-05-29 18:36:20+00:00,@BoniPrinceFacio Eu tamb√©m estava a ser ir√≥nico. Acho que o detesto mais que tu. Sempre foi personagem que nunca suportei.
1398706326163836928,2021-05-29 18:22:29+00:00,"Eu n√£o sei se fui expl√≠cita mas eu detesto a frase do ‚Äúeu n√£o dou aberturas para tal‚Äù n√£o chavalo, a tua namorada √© q n√£o d√°. Deixem de achar q qd uma rapariga come√ßa a namorar o namorado √© q comanda tudo o que ela faz pq n√≥s n√£o deixamos de ter liberdade para  fazer o q queremos"
1398700657654239242,2021-05-29 17:59:58+00:00,detesto que me perguntei de estou em casa e a fazer e depois demorarem bue tempo a responder
1398691991202959362,2021-05-29 17:25:31+00:00,detesto este tempo demasiado bom porque este sol s√≥ me d√° dores de cabe√ßa
1398681043457224708,2021-05-29 16:42:01+00:00,"Detesto desenhar homens, sou um desastre."
1398677722642190339,2021-05-29 16:28:49+00:00,@AlvaroLVaz Implica que o recetor tenha disponibilidade para ouvir. Detesto.
1398664412047761412,2021-05-29 15:35:56+00:00,"J√° me tinha esquecido do quanto eu detesto apanhar vacinas, Deus me livre"
1398661034651668483,2021-05-29 15:22:31+00:00,"@confortnumb @juditefranca @LIncompleta Que queres que te responda? √â como a cebola, detesto, d√° me n√°useas, mas n√£o sei porqu√™. 
√â como se se teatralizasse a interpreta√ß√£o da poesia, o que me deixa incomodada. A poesia √© sagrada, n√£o √© nenhum circo... 
üòÇüòÇüòÇ (Eu a ser dram√°tica)"
1398660346890575873,2021-05-29 15:19:47+00:00,Eu gosto muito pouco do City e s√≥ n√£o os detesto completamente por causa dos irm√£os Gallagher tbh
1398654221831053312,2021-05-29 14:55:26+00:00,eu juro que detesto vir para o meu pai por causa disto
1398635529567182848,2021-05-29 13:41:10+00:00,"Por muito que me tenha custado a eliminat√≥ria contra o Chelsea vou estar por eles, detesto clubes do petr√≥leo https://t.co/6WEIEEyyq4"
1398623304378990594,2021-05-29 12:52:35+00:00,- Detesto quando espreitam para o meu prato ü§¨
1398608302272045056,2021-05-29 11:52:58+00:00,@AlexLomba01 @TaniaLopes122 Detesto estragar a vossa divers√£o mas ele sabe que s√£o bots üòÇ https://t.co/Uptd767mvl
1398604015605370882,2021-05-29 11:35:56+00:00,Manoooo detesto pessoas interesseiras e que s√≥ ligam aos bens materiais que os outros t√™m
1398593513437208576,2021-05-29 10:54:12+00:00,Detesto ver a minha vida cheia de altos e baixos... Alguma coisa vai ter de mudar que isto n√£o √© vida para mim!
1398591463898947585,2021-05-29 10:46:04+00:00,Detesto gente que d√° pa cu doce
1398576023101452291,2021-05-29 09:44:42+00:00,"Detesto ser uma pessoa muito sentimental e com empatia pelos outros, s√≥ me fodem"
1398570573798809601,2021-05-29 09:23:03+00:00,"Muito bem. Excelente iniciativa
N√£o gosto de touradas. Detesto, na verdade. Em Portugal s√£o consideradas cultura, pela lei, e assim devem ser tratadas enquanto a lei n√£o for alterada.
O estado n√£o pode discriminar cidad√£os nem formas de express√£o ou cultura por meio ideologico https://t.co/J7oYwzCY6O"
1398568984308551680,2021-05-29 09:16:44+00:00,Detesto quando n√£o conseguem ser sinceros e inventam desculpas para fugir ao assunto
1398556517494833152,2021-05-29 08:27:12+00:00,"@JoanaBizarro @meninopedro21 Sim, desde 1989 üôÇ √â uma selva mas, √© assim em todo o mundo, n√£o s√≥ em PT. Em rela√ß√£o ao video, experienciei mais bons exemplos que maus. Apenas detesto a frase do costume... se fosse c√°!"
1398453376279584769,2021-05-29 01:37:21+00:00,@WestCoastOg12 @3fonseca3 üòÇüòÇ eu tmb detesto os clippers mano! So meti pela vergonha de um mvp finals campe√£o em duas equipas ser enrabado 2 anos seguidos por um gajo de 20 e poucos anos com peso a mais a meter 28/8/8
1398438230383632391,2021-05-29 00:37:10+00:00,Detesto que me mintam
1398436760217083908,2021-05-29 00:31:19+00:00,@FabioGF12 @_Joao_Martinho @Andregchan12 @maxim_rgg @playboisantxs @gboy_gui detesto concordar com este indiv√≠duo mas hm
1398436504335171586,2021-05-29 00:30:18+00:00,Tenho vos a dizer que detestei o fim do End Game üò≠ https://t.co/brknR2A1k9
1398431714939125761,2021-05-29 00:11:17+00:00,Detesto ser a desmancha-prazeres mas animais engloba  mais do que c√£o e ggato ent√£o h√° pouca gente no mundo que n√£o seja filho da puta seguindo essa l√≥gica. https://t.co/WxrIcTAiCI
1398421086522458112,2021-05-28 23:29:03+00:00,@znuno Detesto essas palha√ßadas.
1398406469457002497,2021-05-28 22:30:58+00:00,"‚ÄúJuro este gajo √© t√£o querido, detesto!‚Äù"
1398399449005756416,2021-05-28 22:03:04+00:00,Detesto estar stressada
1398390595677265923,2021-05-28 21:27:53+00:00,lan√ßar sons d√°-me bue ansiedade fds detesto ser rapper
1398377808355807232,2021-05-28 20:37:04+00:00,Detesto pessoas burras
1398371167719890944,2021-05-28 20:10:41+00:00,"Se h√° coisa que detesto √© esta manada que existe nos fandoms, que l√™em uma merda qualquer e j√° v√£o pedir satisfa√ß√µes ao suposto √≠dolo e obrig√°-lo a pedir desculpa por uma coisa que s√≥ existe na imagina√ß√£o delas. N√£o sabem pesquisar e tirar conclus√µes pr√≥prias üôÑ"
1398369365045743620,2021-05-28 20:03:31+00:00,@Evacalina Tamb√©m detesto!
1398369168383266821,2021-05-28 20:02:44+00:00,@ramyeontv Est√° em n¬∞1 para mim e detestei o facto de ter acabado sem um fim üò´
1398368820268572673,2021-05-28 20:01:21+00:00,maybe n√£o √©.....not o centova a FALHAR ME TANTO DETESTEI https://t.co/iNY16oiki2
1398367890194243586,2021-05-28 19:57:40+00:00,Ok s√≥ por isso espero que ganhem amanh√£. Eu n√£o gosto do Chelsea nem do City. Mas detesto o Guardiola por isso que seja o Chelsea. https://t.co/VPSXu6BJ8s
1398365125426429959,2021-05-28 19:46:40+00:00,"@Mnemosina4 @AndreCVentura @PartidoCHEGA Detesto futebol. 
Para ti o S√≥crates √© inocente certo?"
1398361013574057987,2021-05-28 19:30:20+00:00,"√â oficial, detesto conduzir com pessoas ao lado"
1398353556743376899,2021-05-28 19:00:42+00:00,"Esque√ßam, detesto ser t√£o perfeccionista, at√© a n√≠vel de trabalho"
1398341690121990144,2021-05-28 18:13:33+00:00,@yungpoppahatred @Franccosta2 @KintasKing Se fosse comigo tavam condenados crlh. Detesto isso e deixa me com bu√© raiva dessa gente
1398336856505389056,2021-05-28 17:54:21+00:00,"detesto profundamente gente sonsa
fazem se de coitadinhas pra tudo"
1398333283646193669,2021-05-28 17:40:09+00:00,Detesto jantar sozinha fds
1398324381391200258,2021-05-28 17:04:46+00:00,"Eu acho que nasci sentada juro, detesto tar de p√©"
1398324357622083591,2021-05-28 17:04:41+00:00,Detesto achar que estou a incomodar ü§°
1398321697435041792,2021-05-28 16:54:06+00:00,"Poderia dizer que n√£o fa√ßo nem mais a ponta dum...
Mas detesto lugares comuns."
1398310181931524099,2021-05-28 16:08:21+00:00,"Eu detesto ap orais, fico super ansiosa e n√£o as fa√ßo sp que tenho essa op√ß√£o mas a verdade √© q s√£o necess√°rias, p muito q me custe admitir https://t.co/9KM0G54wgP"
1398302561975799812,2021-05-28 15:38:04+00:00,@Pereira23Vasco @guilherming Ainda bem pq detesto dar bjs ahahahaha
1398299730514485248,2021-05-28 15:26:49+00:00,@marekjusk @inesmorsantos Longe disso!! Detesto fascistas n√£o os defendo nem suporto quem o faz! O que te estou a tentar dizer √© que estes gajos devem ser combatidos da mesma forma que combatemos a ditadura!
1398289984772349959,2021-05-28 14:48:05+00:00,"@ruiclassic detesto o pizzi eu, mas tu es demasiado burro para entender uma piada"
1398287707395219462,2021-05-28 14:39:03+00:00,@MiguelBushes Eu j√° detesto aquela comiss√£o de qq maneira
1398286204840386564,2021-05-28 14:33:04+00:00,"@AnaPRDeepBlue Ainda agora li da variante Indiana em Inglaterra, a coisa est√° m√° e v√™m para c√°? Detesto estas pol√≠ticas de subservi√™ncia aos estrangeiros , gaita, paguem-nos bem que tamb√©m fazemos turismo e compramos"
1398279791875395587,2021-05-28 14:07:35+00:00,"@_V_Castello üòÇüòÇ
Normalmente, detesto ter raz√£o, √© quase sempre mau sinal ü§™"
1398275485159858176,2021-05-28 13:50:29+00:00,Detesto quando combino uma hora e a pessoa chega tipo meia hora atrasada s√≥ porque sim
1398272142870040582,2021-05-28 13:37:12+00:00,@nunocalvin Pade√ßo do oposto em Lisboa e detesto tamb√©m üòï
1398268489782239236,2021-05-28 13:22:41+00:00,Detesto q fodam as merdas q tenho combinadas
1398263795085152260,2021-05-28 13:04:01+00:00,"@offcrissy Detesto isso pq o humor negro (o ""verdadeiro"") n√£o tem nada a ver com essas merdas..."
1398262651017469956,2021-05-28 12:59:29+00:00,Detesto ter q tomar estas decis√µes üò•
1398248312923361281,2021-05-28 12:02:30+00:00,"@dianarrmiranda eu vou na 6a, houve um episodio que houve um plot twist que eu detestei bue e apeteceu me parar de ver na altura haah"
1398236711143022593,2021-05-28 11:16:24+00:00,"Juro, detesto pessoal gemado no Clash Royale"
1398230865805819908,2021-05-28 10:53:10+00:00,"Detesto conversar com gente que conta v√°rias situa√ß√µes da vida e quando vc come√ßa a contar suas viv√™ncias, a pessoa te ignora e muda de assunto completamente. üôÑ"
1398221219212705793,2021-05-28 10:14:51+00:00,"Est√° um calor do caralho, detesto"
1398207421559066624,2021-05-28 09:20:01+00:00,"E gostava de dizer o seguinte: O IMI n√£o devia existir.
Eu detesto o Andr√© Ventura mas aqui vou cit√°-lo: 
""Os Portugueses pagam para comprar, pagam para ter e pagam para vender"".

Cancelem o IMI. √â rid√≠culo. Quase um atentado ao direito √† propriedade."
1398200696483233793,2021-05-28 08:53:18+00:00,Dois pidezinhos de esquerda bloqueados logo de manh√£. Detesto chibos.
1398194582416994305,2021-05-28 08:29:00+00:00,J√° disse que detesto ortopedia?
1398182954342486016,2021-05-28 07:42:47+00:00,"@nocas_miranda √â mesmo enervante n√£o √©? Detesto bullying, sejam rapazes ou raparigas. Deixa marcas mais profundas q as f√≠sicas. 100% de certeza q a chavala n√£o aprendeu a li√ß√£o e s√≥ est√° escondida pq est√° a levar, e bem, com hate de toda a gente."
1398159357246853127,2021-05-28 06:09:01+00:00,Detesto discutir logo de manh√£ üò°
1398109489748971521,2021-05-28 02:50:52+00:00,Detesto pessoas que n√£o sabem aquilo que querem.
1398108795801325576,2021-05-28 02:48:07+00:00,"""Detesto essas pessoas que te olham de cima a baixo
Para saber quanto √© que vales"" @75dillazmc"
1398068652201611267,2021-05-28 00:08:36+00:00,"Eu simplesmente detesto o facto das denomina√ß√µes dos campe√µes das Ta√ßas serem ‚Äúvencedores‚Äù.
 Mas quais vencedores, √© campeao porra. O clube que vence a Ta√ßa da Liga √© denominado CAMPE√ÉO de Inverno https://t.co/5xG2MrZnHI"
1398064411991056388,2021-05-27 23:51:45+00:00,Detesto mas detesto mesmo que demorem a responder
1398049864412545024,2021-05-27 22:53:56+00:00,Detesto quando dizem algo meio for√ßado e eu reparo ahahah
1398045809921437706,2021-05-27 22:37:50+00:00,"@Syrah___ Essa mulher para al√©m de ter sempre opini√£o pr√≥pria e raramente concordar com os outros intervenientes, raramente deixa os outros intervir, falta-lhe muita humildade e respeito para al√©m de outras coisas. Sim, tamb√©m a detesto."
1398042863573798913,2021-05-27 22:26:07+00:00,@kariasMusic Pior √© que depois detesto que deixo as merdas para a √∫ltima. Sou tipo 50/50 kkkkk
1398040980813664257,2021-05-27 22:18:38+00:00,"@andreiantunes_ pior que √© verdade, eu detesto fazer anos mesmo, envelhecer n√£o √© para mim"
1398039157872775169,2021-05-27 22:11:24+00:00,Detesto fazer frequ√™ncias e depois ainda detesto mais o tempo de espera pelas notas
1398036442379599874,2021-05-27 22:00:36+00:00,"detesto trabalhos de grupo fr, no shade mas era tao mais facil sozinha, ha trabalhos que ate pronto fazem sentido este nao faz, i guess que a stora s√≥ nao quer corrigir 40 trabalhos lmao"
1398019169644392451,2021-05-27 20:51:58+00:00,Detesto que me digam para ter calma quando estou super tranquila
1397991953095143425,2021-05-27 19:03:49+00:00,Detesto estar a sentir-me assim fdsss
1397969554484170761,2021-05-27 17:34:49+00:00,Detestei a aula de hoje. Foi das piores desde o in√≠cio do curso üòîüòî
1397964556362817537,2021-05-27 17:14:57+00:00,Mano Fds detesto me sentir a mais digam logo Fds
1397962309130244100,2021-05-27 17:06:02+00:00,Nngm entende o quanto eu detesto estar doente e mal disposta
1397954528608141315,2021-05-27 16:35:07+00:00,Detesto sonhar com trai√ß√µes.. Sinto me mesmo mal quando acordo fds
1397950517456904194,2021-05-27 16:19:10+00:00,sempre a mesma merda. Detesto que n√£o se acreditem naquilo que eu estou a dizer
1397947122054488070,2021-05-27 16:05:41+00:00,Detesto que se metam na minha rela√ß√£o fdss
1397939830915481603,2021-05-27 15:36:42+00:00,Detesto aquele mi√∫do
1397918329935781899,2021-05-27 14:11:16+00:00,Detesto ter enxaquecas
1397918147961753611,2021-05-27 14:10:33+00:00,"Sempre detestei a criatura, sem raz√£o aparente: agora percebi - √© socialista. https://t.co/tZdFgoXFVS"
1397913639860850691,2021-05-27 13:52:38+00:00,Detesto q me ignorem quando digo boa tarde
1397895718761816064,2021-05-27 12:41:25+00:00,"Detesto que me d√™em vista , quando √© assim n√£o abre a mensagem."
1397894596764516358,2021-05-27 12:36:58+00:00,detesto o spotify no telem√≥vel. meto as playlists a dar mas primeiro que toque butter..... que √≥dio
1397890756157788160,2021-05-27 12:21:42+00:00,Detesto sentir que estou a ser chata ou a incomodar algu√©m
1397873365097107458,2021-05-27 11:12:36+00:00,"Sabem aquela vontade de ir trabalhar?
Pois...n√£o tenho.
Detesto dar aulas de tarde. Prefiro mil vezes o hor√°rio da manh√£."
1397872771640827908,2021-05-27 11:10:14+00:00,"Eu: detesto musicais ü§Æü§Æü§Æü§Æ

Also eu a dois minutos do epis√≥dio musical de anatomia de grey: üò≠üò≠üò≠üò≠ n√£o aguento"
1397867369276579840,2021-05-27 10:48:46+00:00,Detesto est√° situa√ß√£o poha
1397839222883688449,2021-05-27 08:56:55+00:00,Que linda noite de sono ao sonhar com a pessoa que eu mais detestei de conhecer na faculdade. Ent√£o t√°
1397833381099061248,2021-05-27 08:33:43+00:00,"@Joaohpr Tamb√©m detesto e evito sempre que exista alternativa (e fa√ßo o mesmo com a TAP) mas que a Ryanair tem raz√£o, tem‚Ä¶"
1397823272058855425,2021-05-27 07:53:33+00:00,"Eu adoro roupa, adoro moda.. Mas trabalhar numa loja de roupa, a lidar com pessoas? Detesto. Quero sair do ramo o mais r√°pido poss√≠vel."
