1396038883951976452,2021-05-22 09:43:01+00:00,"Not√°vel e tr√°gica a subida exponencial do Brasil nos √∫ltimos meses √† escala global. Dito isto, algu√©m ainda acredita nos dados da China ou da R√∫ssia? ü§î

The Covid-19 death toll
https://t.co/YAWoD0sTnE https://t.co/55Bb8r8037"
1396024500203003904,2021-05-22 08:45:52+00:00,tr√°gico
1396009787465289730,2021-05-22 07:47:24+00:00,A hist√≥ria tr√°gica do irm√£o de Jos√© Saramago ‚Äî que marcou para sempre a vida do escritor https://t.co/dmyshqDTPW
1395852495558152193,2021-05-21 21:22:23+00:00,"Esta quarta foi m√°gica, linda, fora do normal, tr√°gica!!!"
1395828555918020619,2021-05-21 19:47:15+00:00,"pra mim o in√≠cio da vida ainda √© m√°gico, por√©m √© muito tr√°gico porque a crian√ßa vai crescer em um mundo sem esperan√ßa e sem luz, onde as pessoas est√£o vivas mas est√£o apagadas"
1395734196900007938,2021-05-21 13:32:18+00:00,"Riria mais ainda se n√£o fosse tr√°gico, mas √© assim mesmo que imagino que funciona o desgoverno bolsocaro 

https://t.co/fRMnyeZNu1"
1395710231292768258,2021-05-21 11:57:04+00:00,"Lady Day, para sempre tr√°gica https://t.co/NfJA2DbMnK"
1395707347083796482,2021-05-21 11:45:37+00:00,Cl√≠nica comete ‚Äúerro tr√°gico‚Äù ao amputar perna errada a doente na √Åustria https://t.co/KgzWw9mpK0
1395687174885023744,2021-05-21 10:25:27+00:00,"O amor √© m√°gico, j√° disse tudo, como sempre foi
E amar √© b√°sico, tr√°gico e como sempre d√≥i"
1395684169615880194,2021-05-21 10:13:31+00:00,Este fim de semana pode ser tr√°gico
1395680434546167811,2021-05-21 09:58:40+00:00,"@ZePedro1522 Ainda assim continua a ser um assunto e um problema nosso, infelizmente aconteceu, tr√°gico, as pessoas foram julgadas e o SCP saiu altamente prejudicado, n√£o foi nenhum outro clube da Liga a sair prejudicado com esse acto, pelo contr√°rio. Problema nosso e da justi√ßa. Pag√°mos caro"
1395668405928275973,2021-05-21 09:10:52+00:00,"Ontem gostei da noite mas cheguei a casa com 25 paus a menos do que o suposto, sem passe e sem cart√£o da universidade, tr√°gico."
1395644912528470019,2021-05-21 07:37:31+00:00,"Epis√≥dio 3- 2021, uma com√©dia tr√°gica"
1395536881450840071,2021-05-21 00:28:15+00:00,"Lady Day, para sempre tr√°gica https://t.co/aR8D4J4gOR"
1395430385278914561,2021-05-20 17:25:04+00:00,"Do Sentimento Tr√°gico da Vida √© a express√£o maior do pensamento do autor, feito de d√∫vidas e interroga√ß√µes.
Aqui s√£o abordados os problemas do homem e da sua dissolu√ß√£o, da ¬´fome da imortalidade¬ª e do sentido da cren√ßa num deus de que a raz√£o nos afasta.

https://t.co/xdYwPzQs3f https://t.co/OLnlD5H6yC"
1395427981141684234,2021-05-20 17:15:31+00:00,@oatila @thuka_contessa Tr√°gico por demais! O nome disso √© sim GENOCIDIO! Pris√£o para o Genocida e todos os envolvidos! No Brasil ou no Tribunal de Haia!
1395368429973028876,2021-05-20 13:18:53+00:00,"üëÄ ver um clube que fez o maior investimento da sua hist√≥ria, que foi ao Brasil de jato privado resgatar um treinador arrasador... acabar a √©poca a emitir esta opini√£o sobre um trof√©u promovido por um √≥rg√£o de CS, tem um travo de tr√°gico-com√©dia. Um bom resumo da √©poca deles. https://t.co/TsDV0hWnxZ"
1395354084643856386,2021-05-20 12:21:52+00:00,Nem parece que amanh√£ fa√ßo anos tou toda aterrada com o tr√°gico que foi a noite de ontem üòÇ
1395165626419847168,2021-05-19 23:53:00+00:00,"@jmrvsb10 @Twitter Y, √©s o maior com essas... Nem sei se √© boca ou piada, √© que se eram ambas n√£o foram bem sucedidas. Perdeste a raz√£o contra um puto. Que tr√°gico"
1395138587071504389,2021-05-19 22:05:34+00:00,@cateistweeting Tr√°gico!!!
1395129840173412352,2021-05-19 21:30:48+00:00,"Ap√≥s morte tr√°gica, m√£e de MC Kevin afirma: ""Sempre disse: 'Olha essas amizades'. Hoje eu choro"" https://t.co/C4suf44ZXF"
1395066390428651521,2021-05-19 17:18:41+00:00,Famosos - A vida tr√°gica de uma diva do jazz https://t.co/Xcm0G1wYKB
1395017135785750532,2021-05-19 14:02:57+00:00,"Brah n√£o curto muito de ser assim, mas juro que fico a pensar na hist√≥ria tr√°gica que possas ter inventado"
1394987112248795139,2021-05-19 12:03:39+00:00,"Bem n√£o foi uma stream 24H felizmente ahaha, conseguimos o glider a tempo!

Amanh√£ estamos de volta para fazer os desafios e jogar mais umas arenas!

At√© amanh√£ malta obrigado pelo apoio que t√™m dado!

(F PARA O ELIAS, FOSTE UM BOM COMPANHEIRO NAO MERECIAS ESTE FINAL TRAGICO) ‚ù§Ô∏è"
1394971119594217473,2021-05-19 11:00:06+00:00,"@FesantosLucas Tr√°gico, pelo menos nao estamos sozinhos nessa ... meus pesames cara https://t.co/SVYgLTPArh"
1394954985205551104,2021-05-19 09:56:00+00:00,"@felipeneto As pessoas t√™m que parar de deixar de achar que a MORTE √© solu√ß√£o para tudo e a justi√ßa para tudo! Podia tamb√©m ser tudo bem diferente que acabar em morte, sofrimento e luto!! Infelizmente acabou desta maneira tr√°gica! Gente se perdendo e Gente perdendo outra gente! Pesado üòî"
1394895766959894528,2021-05-19 06:00:41+00:00,Atual - Billie Holiday. A vida tr√°gica de uma diva do jazz https://t.co/8SGK5ilDt2
1394815480620363776,2021-05-19 00:41:39+00:00,"Quase 2 da manh√£ e eu a pensar que n√£o desinfeto a orelha √† catarina h√° 2 dias, tr√°gico"
1394777634396151809,2021-05-18 22:11:16+00:00,"@zarrybabz E ca pm e foi obrigado, ma e kes kzs d influ√™ncia (segundo relatos at√© agora), enfim final tr√°gico"
1394717344895750146,2021-05-18 18:11:42+00:00,"n√£o se atreve a abandonar as suas casas. A situa√ß√£o √© verdadeiramente tr√°gica!¬ª

O Governo das Esquerdas Espanholas manda o seu ex√©rcito n√£o reagir a esta invas√£o em massa. Tal como as for√ßas de seguran√ßa de Marrocos, que deixam os imigrantes sa√≠rem do pa√≠s sem qualquer controlo+ https://t.co/M3JkUJn53E"
1394698870312079362,2021-05-18 16:58:17+00:00,Perdi as minhas chaves. Tr√°gico porque n√£o posso sair e dar o meu passeio di√°rio com o meu c√£o
1394687411624480768,2021-05-18 16:12:45+00:00,"Leitura p/ hoje √† noite. Oportuno livro de Daniela Santiago, correspondente ‚Å¶@rtppt‚Å© em Espanha. De onde nos chegam bons,mas tamb√©m muito maus ventos. E Daniela est√° a v√™-los soprar, lembrando a tr√°gica Hist√≥ria e as fraquezas da Democracia q √± podemos continuar a descurar. https://t.co/o1p7VB1xnf"
1394669538491371520,2021-05-18 15:01:44+00:00,"@_Jaaake eu falei de forma geral‚Ä¶ at√© o discurso da mulher dele, querendo meter nas costas dos outros‚Ä¶ parece q n conhecia o marido que tinha. √© sempre uma bad uma pessoa jovem morrer assim, de forma tr√°gica. mas tem vezes q infelizmente n existem culpados externos. ü§∑‚Äç‚ôÄÔ∏è"
1394662151579701250,2021-05-18 14:32:23+00:00,"N√£o malta, o que aconteceu h√° 25 anos n√£o foi um dos momentos mais tr√°gicos do Futebol em Portugal, foi O MOMENTO mais tr√°gico do futebol em Portugal. E n√£o me venham com merdas de que os adeptos continuam violentos e que n√£o aprenderam nada para tentarem generalizaar o que √©"
1394628343702736902,2021-05-18 12:18:02+00:00,"@MarquinhosAssu2 @Flamengo24hs1 Isso √© balela Marquinhos, eu n√£o acho certo pagarmos pelas escolhas erradas, sa√≠da do Gerson √© tr√°gica para o projeto esportivo. Eu estou anotando todos que apoiam essa venda, pq se vierem com chororo depois eu vou lembrar ü§£"
1394623813330034698,2021-05-18 12:00:02+00:00,"Conhe√ßa a √©pica e tr√°gica batalha de um m√©dico japon√™s contra a seca no Afeganist√£o. Em 15 anos, antes de ser assassinado, o Dr. Tetsu Nakamura pintou de verde um pa√≠s devastado pela guerra.
√ÅGUA E N√ÇO ARMAS - document√°rio em estreia esta ter√ßa √†s 16h. https://t.co/thpZbR06lj"
1394569280109297665,2021-05-18 08:23:20+00:00,@privcisquinha AHAHAHAH era tr√°gico
1394480918350295042,2021-05-18 02:32:13+00:00,Vi√∫va de Mc Kevin quebra o sil√™ncio ap√≥s morte tr√°gica de artista https://t.co/o6jXQEMNLl
1394424113477963786,2021-05-17 22:46:30+00:00,"Sexta-feira dura, s√°bado tr√°gico e domingo de ressaca 
#onossopassatemponagal√©üòÇ"
1394400968737951744,2021-05-17 21:14:32+00:00,Temos que esperar o final do inqu√©rito pois ainda h√° muitos questionamentos e suposi√ß√µes. Que triste essa morte t√£o tr√°gica!!! #CidadeAlertarj
1394398279287414784,2021-05-17 21:03:51+00:00,"@jabaRevoltz @Ana_Flor @r0cc0 Ent√£o vamos concordar que assim como os gestores estaduais e municipais, Bolsonaro merece ir preso pela resposta tr√°gica frente √† pandemia?

https://t.co/B6KvwvVa8m"
1394390437587259398,2021-05-17 20:32:41+00:00,@Pedrinho__lindo tr√°gico.
1394366992392630273,2021-05-17 18:59:31+00:00,"Impressionante todos os cantores de sucesso , tem  um fim tr√°gico qualquer dia as pessoas at√© medo de seguir os seus sonhos"
1394354752423702535,2021-05-17 18:10:53+00:00,"se foi os amigos do kevin mesmo que prenderam ele dentro do quarto e teve esse fim tr√°gico esse povo deve ta com a consci√™ncia muito pesada. brincadeira sem gra√ßa, e idiota!  e a conta chega pra todos‚Ä¶."
1394351022416531457,2021-05-17 17:56:04+00:00,"diz que este senhor √© l√≠der da oposi√ß√£o...
tr√°gico. https://t.co/Lx6n8JnE2v"
1394296387857264640,2021-05-17 14:18:58+00:00,"@_goncaloalmeid @diogomonica @JNegocios ""CONTE√öDO EXCLUSIVO PARA ASSINANTES""

...

""Tem que concordar com o registo N√≥nio.""

üòî Tr√°gico. Adorava ler o artigo."
1394283662787715072,2021-05-17 13:28:24+00:00,Conduzir depois de 5 meses vai ser no m√≠nimo tr√°gico
1394280600413028359,2021-05-17 13:16:14+00:00,"@7grifling8 @GoncaloAguiar @sofiafonsoferre N√£o sabia que Israel tenha dito isso.   N√£o bastasse a situa√ß√£o tr√°gica que se vive na zona, pareceu-me muito manipuladora, e para mais errada, a forma como interpretou a foto."
1394273775550713856,2021-05-17 12:49:07+00:00,"vcs s√£o mm chatos, n podem s√≥ lamentar uma morte tr√°gica sem querer dar uma li√ß√£o de moral em cima?"
1394265807094419462,2021-05-17 12:17:27+00:00,"3 semanas e meia para come√ßar loki e eu nem a meio dos comics vou, tr√°gico"
1394248661186535427,2021-05-17 11:09:19+00:00,"dois tuits que n√£o t√™m nada a ver com o outro, mas cuja imagem se torna tragico-c√≥mica https://t.co/VptEBSXJY8"
1394209596722622465,2021-05-17 08:34:05+00:00,@sofiafonsoferre Esse √© o cerne do conflito. Isto n√£o √© uma guerra entre Israel e o Hamas. Isto √© uma pe√ßa tr√°gica de um combate mais vasto entre Israel e o Ir√£o. √â do Ir√£o a m√£o que embala o conflito.
1394042758432763905,2021-05-16 21:31:08+00:00,"@tiagorrdias e algu√©m acredita que a dita moderniza√ß√£o do estado vai acontecer? eu n√£o. mas a mim n√£o me surpreende, a estrat√©gia do Costa desde que chegou a PM foi simplesmente n√£o fazer nada, deixar andar √© mais eficaz para manter o poder do que tentar fazer algo concreto. tr√°gico."
1394033061994635265,2021-05-16 20:52:36+00:00,"@MiguelPereiraAS (2/2) O seu v√≠deo s√≥ deixa de ser desonesto quando os carros deixarem de matar (por exemplo a passarem vermelhos entre excesso de velocidade, condu√ß√£o temer√°ria e razias). Olhe um v√≠deo muito mais tr√°gico que o seu (pode dar-lhe difus√£o tamb√©m). https://t.co/skzBk2Exnb"
1393961082428002304,2021-05-16 16:06:35+00:00,"@Mmacedo_tweets O conceito tem vindo a crescer tanto, mas tanto, que em breve uma crian√ßa que veja ""A bela adormecida"" ou  a ""branca de neve"" est√° a ser sujeita a maus tratos pelos seus pais. Tr√°gico."
1393836166256939013,2021-05-16 07:50:12+00:00,"Noite incr√≠vel , manh√£ tr√°gica"
1393745398137774083,2021-05-16 01:49:32+00:00,"Tenho muito respeito e considera√ß√£o por essa mulher. Perdeu a filha e o marido de forma tr√°gica e ainda assim, busca as boas lembran√ßas como combust√≠vel para continuar.üôèüèæ https://t.co/vVVlbRPeB3"
1393705480938311680,2021-05-15 23:10:55+00:00,@CMOtwitting_pt üó£ ... se tu tivesses VALORES n√£o ilustravas a REALIDADE TR√ÅGICA com uma CARICATURA... s√£o coisas diferentes... meneeeeseees...üèåÔ∏è
1393688226527907845,2021-05-15 22:02:21+00:00,Ahahahahah que dia tr√°gico
1393681450478809088,2021-05-15 21:35:25+00:00,Isto das mem√≥rias do Facebook √© t√£o tr√°gico que chega a ser c√≥mico üòÇ
1393632445161955333,2021-05-15 18:20:42+00:00,Ainda bem que resolvemos isto no primeiro match-point. Poderia ter sido tr√°gico.
1393626974166339584,2021-05-15 17:58:57+00:00,@carvalhuuu @amadurago olha que n√£o mesmo. ela escreveu exitar em vez de hesitar. TR√ÅGICO jahagshsh
1393581348573548545,2021-05-15 14:57:39+00:00,"@UOL Ele n√£o ficar√° em sil√™ncio,
 responder√° √†s perguntas pertinentes ao cargo que exerceu, ele n√£o ser√° humilhado, nem preso pelo #RenanCalheirosNaCadeia que deveria estar preso, o #SenadorDPVAT, e o #Omar200Milhoes
Um general a merc√™  de uma corja, seria c√¥mico se n√£o fosse tr√°gico"
1393544099500896261,2021-05-15 12:29:38+00:00,"oh god
 escrevi peco em vez de pe√ßo que tr√°gico"
1393542596413337608,2021-05-15 12:23:40+00:00,@browhoslebre ei que tr√°gico ü§£ü§£ü§£
1393527544318676997,2021-05-15 11:23:51+00:00,Sexta feira tr√°gica
1393526509630074884,2021-05-15 11:19:45+00:00,Ontem foi tr√°gico https://t.co/lhMcl7H5YR
1393372614350020610,2021-05-15 01:08:13+00:00,@_BailaPaMi J√° tou a antecipar o final tr√°gico
1396251395666423809,2021-05-22 23:47:28+00:00,"√â assim, eu n√£o estava pronta para o final tr√°gico da hist√≥ria de amor da Blimunda e do Baltasar. Traumatizada is an understatement."
1396215682837196807,2021-05-22 21:25:33+00:00,O festival da Eurovis√£o √© como um choque frontal entre dois comboios que transportam pirotecnia: tr√°gico e fabuloso. #BlackMamba  #eurovis√£o #Eurovision #eurovisao
1396213229303517192,2021-05-22 21:15:48+00:00,"Este dia come√ßou com uma not√≠cia tr√°gica e acaba com uma felicidade que tem tanto de bom como de tr√°gica tamb√©m. Por ti, Quintana! https://t.co/BgvIF4LWIv"
1396201260756447234,2021-05-22 20:28:15+00:00,"Litu√¢nia. Tem piada. Mas aquele amarelo todo...please!!! Lembro-me de qd fiz teatro e a minha roupa era um fato dessa cor...foi tr√°gico.  
#Eurovision #Eurovision2021"
1396179952790392835,2021-05-22 19:03:35+00:00,noite tr√°gica
1396172874860400640,2021-05-22 18:35:27+00:00,Internautas alertam tamb√©m sobre a possibilidade de um tr√°gico vazamento de √ìLEO DE MOTOR na regi√£o no dia do evento. Seria uma terr√≠vel fatalidade se acontecesse https://t.co/kFLfJSdHNR
1396059317820870658,2021-05-22 11:04:13+00:00,Odeio quando a situa√ß√£o √© super engra√ßada mas o contexto √© super tr√°gico. https://t.co/GouKikL77b
1396652394122039299,2021-05-24 02:20:53+00:00,"@yohhzx Como eu disse, estamos no fundo do po√ßo. Tr√°gico por estarmos no fundo do po√ßo, mas me sinto feliz pela sua companhia"
1396615981972209665,2021-05-23 23:56:12+00:00,Um profissional do humorismo n√£o √© livre de dizer o que quiser. Serve os deuses da com√©dia que o obrigam a dizer coisas em que n√£o acredita e a falar contra a sua pr√≥pria vontade. J√° ouviram dizer que ser c√≥mico √© tr√°gico? √â por causa disto!
1396566584337047555,2021-05-23 20:39:55+00:00,"@Sopasss23 @SLBenfica Sim sim √© uma lenda c√° do Benfica e do futebol portugu√™s e um nato matador, espero que fique c√° muitos anos e que as ligas de topo n√£o o roubem, seria tr√°gico 
@premierleague @LaLiga @Ligue1UberEats @SerieA"
1396544815857287174,2021-05-23 19:13:25+00:00,"@JornalNoticias Esta not√≠cia seria engra√ßada se n√£o fosse tr√°gica.

√â a Hist√≥ria ao contr√°rio."
1396493677938282502,2021-05-23 15:50:13+00:00,@nemmeinteressa Tr√°gico? Tr√°gico √© se a pr√≥xima n√£o for pior
1396473947814825988,2021-05-23 14:31:49+00:00,Tr√°gico
1396396292146860039,2021-05-23 09:23:14+00:00,@Gabrielfre45_ Tr√°gico.!
1396935857869926401,2021-05-24 21:07:16+00:00,"Depois disto, tamb√©m eu o exclu√≠a. Simplesmente tr√°gico  https://t.co/pn77d8mHvH"
1396897743768018949,2021-05-24 18:35:49+00:00,"uma historia tr√°gica em 4 atos
-vi uma jaqueta de ~couro linda coberta de spike e patch 
-vi a marca, era de designer
-pesquisei no google e me direcionaram pra farfetch
-era 8,500 euros"
1396864750118752266,2021-05-24 16:24:43+00:00,Voltamos ao velho problema da demografia tr√°gica q temos e teremos e ainda se falou das escolas. Aqui enfatizei q como est√° o sistema perpetua e at√© amplifica as diferen√ßas sociais e educacionais. Mas isso n interessa muito pq os filhos da esquerda caviar est√£o bem e recomendam s https://t.co/QbSRuy3bTU
1396812076522393608,2021-05-24 12:55:25+00:00,"@jpfpenedo Muitos destes casos, depois t√™m um final tr√°gico. Espero que n√£o seja o caso"
1396732367386071041,2021-05-24 07:38:41+00:00,"Noite magica, manha tr√°gica üò©"
1396730958792073219,2021-05-24 07:33:05+00:00,Essa noite tr√°gica de quinta q vibe
1397712224190353408,2021-05-27 00:32:17+00:00,tr√°gico
1397647147034677255,2021-05-26 20:13:41+00:00,"N√£o me batam depois do que vou dizer nem pensem que, de alguma forma, estou a defender este tipo de atitudes e coment√°rios. Mas a Internet tem a mania de levar tudo ao extremo e neste caso, apesar de tr√°gico, n√£o nos podemos esquecer que s√£o crian√ßas de 13 anos... n√£o comecem https://t.co/V00oPYELCb"
1397644286322225159,2021-05-26 20:02:19+00:00,Passos Coelho pariu a extrema-direita; Rui Rio troca-lhe as fraldas. Isto √© muito tr√°gico para Portugal. https://t.co/IP8B2KlQ5f
1397631508031188997,2021-05-26 19:11:32+00:00,√â bastante tr√°gico que a direita portuguesa ande t√£o c√≥mica.
1397587744847761408,2021-05-26 16:17:38+00:00,"Diz n√£o ao bullying ! Basta üôèüèª hoje Portugal vive um momento que podia ter um final ainda mais tr√°gico, do que o que teve! Todos os dias milh√µes de pessoas sofrem bullying, e devemos fazer algo ao respeito ! Se virem uma situa√ß√£o destas intervenham ! Hoje os outros amanh√£ n√≥s ü§ç"
1397519871613804548,2021-05-26 11:47:56+00:00,"@Loira ‚Ä¶ somente dificulta a supera√ß√£o deste incidente. Dissemina-se no ambiente onde o grupo de crian√ßas se encontra, gera √≥dio perante a sociedade que desconhece os contornos mais profundos e leva a um ‚Äúshaming‚Äù por desconhecimento.. Foi algo tr√°gico, contudo a sociedade devia ter"
1397516539398664195,2021-05-26 11:34:42+00:00,Isto hoje est√° tr√°gico
1397481224952852480,2021-05-26 09:14:22+00:00,e pensar que se n√£o fosse o v√≠deo e aquele final tr√°gico o mi√∫do continuaria a sofrer sabe-se l√° at√© quando e como... que aperto no cora√ß√£o. senti a mesma raiva e dor que senti quando me tentavam trancar nos balne√°rios ou quando fiquei com o olho negro durante semanas
1397306749338726408,2021-05-25 21:41:04+00:00,"@maria11terra @joaoneves1515g1 @romeu Por um lado, √© verdade... Ele n√£o olhou... Mas podia estar a ouvir ou a tentar levar com os do sentido oposto..porque se fosse s√≥ fugir podia correr em frente.. Tr√°gico de qualquer modo."
1397302119217119234,2021-05-25 21:22:40+00:00,"Embora o mi√∫do esteja a recuperar, o tr√°gico final que isto podia ter tido. At√© me arrepio, ganho √≥dio facilmente a crian√ßas estupidas deste g√©nero"
1397288930257555456,2021-05-25 20:30:16+00:00,"@govpt Se n√£o fosse tr√°gico, teria piada de t√£o rid√≠culo que √©. Quando √© que as outras regi√µes, que n√£o o Porto, v√£o acordar para este problema sist√©mico? Fa√ßam um caralho de um muro √† volta de Lisboa e vale do Tejo e chamem-lhe Portugal. Cedo a minha nacionalidade a quem precisar."
1397250032592691207,2021-05-25 17:55:42+00:00,"Em Lisboa, uma vez mais, as autoridades p√∫blicas foram incapazes de controlar a pandemia. A solu√ß√£o passa agora por desviar vacinas de outras regi√µes. Podia ser apenas uma met√°fora tr√°gica sobre o pa√≠s. Infelizmente, n√£o √©. At√© quando isto? At√© quando este esbulho?"
1397142737577824256,2021-05-25 10:49:20+00:00,"@Richard_1143 Mais um ano √† Jorge Jesus, mais um ano tr√°gico e lament√°vel para os benfiquistas."
1397128720973012992,2021-05-25 09:53:39+00:00,EPA j√° n√£o me d√≥i muito a garganta mas a minha voz continua tr√°gica. Just my luck.
1399330760318988289,2021-05-31 11:43:46+00:00,@pedro_palves se perguntares de quanto em quanto tempo mudam os len√ß√≥is vai ser tr√°gico...
1399324282623254532,2021-05-31 11:18:01+00:00,Tr√°gico https://t.co/052uQFzfS9
1399246211215994882,2021-05-31 06:07:48+00:00,"Noite tr√°gica, manh√£ continua tr√°gica!!!"
1399143007669075970,2021-05-30 23:17:42+00:00,"@miguelinodoro H√° muita gente a morrer assim, achei tr√°gico"
1399108804080439297,2021-05-30 21:01:47+00:00,"@CarolinaBrands T√£o eu kkk, tr√°gico demais"
1399091935751585800,2021-05-30 19:54:46+00:00,"O fim pode ser tr√°gico üòâü•≤,n√£o tarda"
1399037687382822925,2021-05-30 16:19:12+00:00,Tr√°gico
1399012128078581762,2021-05-30 14:37:38+00:00,"Apesar de ser uma coisa tr√°gica, a Bielorr√∫ssia foi expulsa do festival por n√£o ter cumprido as regras referentes √† can√ß√£o. A can√ß√£o n√£o pode conter motiva√ß√µes pol√≠ticas ou mensagens pol√≠ticas.

Mesmo assim, isto mostra o poder do imperialismo. https://t.co/xuzlk6nFdT"
1398995418726420481,2021-05-30 13:31:14+00:00,@Andr55336088 @RSurfrock @AndreCVentura do que lhes foi dado com tanto sacrif√≠cio em nome de uns chav√µes onde n√£o se encontra uma √∫nica ideia para resolver os problemas de Portugal. Isso √© que √© tr√°gico! Porque o Ventura e a sua trupe s√£o mais uns oportunistas. Mas os ceguinhos s√£o os outros.
1398994721477910531,2021-05-30 13:28:28+00:00,"@Andr55336088 @RSurfrock @AndreCVentura O que √© tr√°gico neste pa√≠s √© ter uma popula√ß√£o revoltada mas que nada faz para mudar as coisas. Pelo contr√°rio, est√° dispon√≠vel para entregar o Poder que tem nas m√£os de uma corja vamp√≠rica que n√£o esconde o seu alinhamento com a Ditadura Nacional Fascista. Ou seja, prescindem"
1398979363467665409,2021-05-30 12:27:26+00:00,@AndreCVentura Conta com uma pequen√≠ssima minoria que at√© tem vergonha de mostrar a cara na televis√£o. √â tr√°gico um Partido ter filiados que se escondem das c√¢maras das Televis√µes! Mas depois incham o peito e dizem o mais reles que h√° na L√≠ngua Portuguesa a quem deixar aqui uma cr√≠tica.
1398949423649067008,2021-05-30 10:28:28+00:00,"Ang√©lica
Ang√©lica √© um assunto recente
a trag√©dia tr√°gica de brigar
Nunca se sabe quem pode enxergar!
essa trag√©dia tr√°gica e quente"
1398948348917432323,2021-05-30 10:24:12+00:00,@TVHDOzzy Nossa! Tr√°gico!
1398948100325183489,2021-05-30 10:23:12+00:00,"√â triste de perder uma filha numa maneira tr√°gica. A tristeza da Ang√©lica Jord√£o √© uma dor insuport√°vel. H√° que lhe dar cinzas da sua filha, √© o que vai sentir e sente a presen√ßa da filha. √â preciso de ter respeito e que fa√ßa justi√ßa. 

Obrigado! üôèüèª https://t.co/FElJqnchWJ"
1398934246123843584,2021-05-30 09:28:09+00:00,"@Jorge_Costa O tr√°gico √© que depois do diagn√≥stico, passou uma eternidade e n√£o conseguimos mudar. https://t.co/JbiamEWjFn"
1398920340064116738,2021-05-30 08:32:54+00:00,"¬´(...) e esse √© o segundo ponto que ressalta do encontro, h√° algo tr√°gico nesse mito sebastianista. E depois de Passos? E depois do adeus? E se o ex-l√≠der do PSD n√£o quiser regressar?¬ª"
1398813579957129218,2021-05-30 01:28:40+00:00,Famosos - Exame detetou drogas no sangue de MC Kevin ap√≥s morte tr√°gica  https://t.co/fCxMRV7dcU
1398641427601625094,2021-05-29 14:04:36+00:00,@dvsk__ Espero que da covid n√£o haja novidades porque o isolamento j√° me parece tr√°gico o suficiente.
1398633799785881606,2021-05-29 13:34:17+00:00,E at√© a Filipa falar mais r√°pido do que o normal. Tr√°gico ü•Ç https://t.co/LE4YNBp6FJ
1398623471421341697,2021-05-29 12:53:15+00:00,Hoje e amanh√£ vai ser tr√°gico apanhar  bebedeiras 2 dias  seguidos üòçüòç
1398588256539848705,2021-05-29 10:33:19+00:00,Tudo no CH √© falso e tr√°gico. ü§Æ https://t.co/G1VJdRQNOr
1398564300214706178,2021-05-29 08:58:07+00:00,"@rosana Talvez para justificar mais gastos inflacionar a import√¢ncia do evento. A vassalagem que se presta √† l√≠ngua inglesa √© tr√°gica. Desde nomes de empresas a produtos, instru√ß√µes em manuais, c√≥digos e tantos outros motivos, levam o cidad√£o consumidor a prestar aten√ß√£o apenas assim. ü§î"
1398424829775187970,2021-05-28 23:43:55+00:00,@jsantanalopes Tr√°gico.
1398412067305136128,2021-05-28 22:53:12+00:00,@al_antdp ainda hoje relembr√°mos nas declara√ß√µes pos-infarmed : o governo faz regras que n se compreendem na assist√™ncia dos eventos desportivos e est√° em incumprimento dum proj resolu√ß√£o da IL aprovado na AR para abertura gradual dos eventos desp. N√£o √© com√©dia-√© drama ou tr√°gico-com√©dia
1398386922800697348,2021-05-28 21:13:17+00:00,@AlpioCustdioLop Se n√£o fosse tr√°gico era c√≥mico...que tristeza...
1398344046981099521,2021-05-28 18:22:55+00:00,Tr√°gico https://t.co/wBdseit4tP
1398313413923721217,2021-05-28 16:21:11+00:00,"N√£o sei de quem foi a ideia de fazer c√° a final, mas foi muito triste. Vamos ver se n√£o √© tr√°gica, seja pela covid, seja pelo potencial e prov√°vel vandalismo. https://t.co/tjTO8xmMIl"
1398291135785807882,2021-05-28 14:52:40+00:00,"@LucyLiu79869867 6 dioptrias, ter-me tornado quase ""al√©rgica √†s lentes de contacto"" e √≥culos a embaciar... Tr√°gico!!! Ahahahah"
1398191237979639808,2021-05-28 08:15:42+00:00,@EuroFute Seria c√≥mico se n√£o fosse tr√°gico
1397976447252275200,2021-05-27 18:02:12+00:00,Stranger Things na Netflix: O final vai ser tr√°gico‚Ä¶ https://t.co/neQPEIQZPF https://t.co/XXtxhXQWWy
1397873089975828481,2021-05-27 11:11:30+00:00,Mais uma tr√°gica quarta feira negra üôÖüèæ
