1396101178975571969,2021-05-22 13:50:34+00:00,"Este vai ser um terr√≠vel fim de semana para a Mercedes se isto continua assim ahahaha 
Mas toda a gente quer ver a Ferrari no p√≥dio üòå"
1396100975576891394,2021-05-22 13:49:45+00:00,"@nranjos Nuno, n√£o estou a achar. Mas os utalianos acompanham estas coisas com tintos leves, porque √© que achas terr√≠vel?"
1396085767261282306,2021-05-22 12:49:19+00:00,"que noite terr√≠vel,a falta de ar veio com for√ßa...tive que ser muito forte!"
1396074502195396609,2021-05-22 12:04:33+00:00,@Silv41211 @Joanassilva3 e t√° terr√≠vel akaka
1395952574281535488,2021-05-22 04:00:03+00:00,"Que jogo de merda que os Golden State fizeram, simplesmente terr√≠vel."
1395868909199319040,2021-05-21 22:27:36+00:00,"@Wordcandance Yep, a √©poca do natal √© terr√≠vel para os animais. S√£o uns fofos que nos testam todos os dias, mas n√£o os trocamos por nada hehe ‚ù§Ô∏è"
1395867348767232000,2021-05-21 22:21:24+00:00,terr√≠vel kkk
1395850663091920897,2021-05-21 21:15:06+00:00,"Porra, o Bar√ßa foi contratar o Ag√ºero? O Ag√ºero que pouco cal√ßou esta √©poca e mostrou estar mais numa de streamer? Depois de ter dispensado o Suarez na √∫ltima √©poca por estar ""velho""?
Que gest√£o terr√≠vel. Foge Messi"
1395844719029243910,2021-05-21 20:51:29+00:00,"Sobre m√∫sica nova da Luiza Sonza e do Pedro Sampaio:
-terr√≠vel, ruim, p√©ssima
-a Luiza canta 2 falas repetidamente s√≥
-clipe sobre sexo em cen√°rio de filme de crian√ßa 

0/10"
1395830240098852869,2021-05-21 19:53:57+00:00,"e repente h√° uma inunda√ß√£o de livros novos no mercado. os bons, os maus, os assim.assim. O espa√ßo nos jornais n√£o se compadece. √â pouco. silenciar bons livros √© terr√≠vel. Se os descobrirem bons, que escapem a estes espa√ßos, ou mesmo que n√£o, bradem aos c√©us por eles"
1395828557331505157,2021-05-21 19:47:15+00:00,pra mim a morte √© terr√≠vel e n√£o tem sentido nenhum
1395828553632071691,2021-05-21 19:47:15+00:00,"n√£o sou mais uma pessoa terr√≠vel,"
1395828539832905736,2021-05-21 19:47:11+00:00,eu era uma crian√ßa terr√≠vel q tinha um gosto por viver.
1395824219418730501,2021-05-21 19:30:01+00:00,"Pela minha sa√∫de mental, n√£o vou ouvir o √°udio do assessor parlamentar que veio a falecer de covid
S√≥ a transcri√ß√£o de alguns trechos j√° √© terr√≠vel. Mas vale, na CPI, algum senador trazer esse √°udio √† tona quando poss√≠vel"
1395820428350865408,2021-05-21 19:14:57+00:00,@cuidate12 @emma_mrn7 @Sunny140876 @PulgaAtras O alcoolismo e terr√≠vel..bebam sempre com modera√ß√£o .üôÇ
1395792464250802178,2021-05-21 17:23:50+00:00,"@corridadejabuti tudo q eu espero sabe eu tento ao m√°ximo espalhar o conhecimento q tenho sobre as viol√™ncias e como se prevenir delas mas mano
√â terr√≠vel pq na hora vc fica muit√≠ssimo vulner√°vel diante de uma equipe m√©dica sabe
tudo q espero √© que isso mude q o mundo respeite m√£es e crian√ßas"
1395790687363387395,2021-05-21 17:16:47+00:00,@CachideSandra üò°terr√≠vel justi√ßa neste pa√≠s
1395779318937174022,2021-05-21 16:31:36+00:00,@joaotiagoaraujo Tu √©s terr√≠vel!!!
1395776439484624903,2021-05-21 16:20:10+00:00,@luiz_apinto Vota terr√≠vel nisso :(
1395767587959709696,2021-05-21 15:44:59+00:00,"@Pablojs93B Claro. Caso contr√°rio n√£o nos atingia tanto. (E isto em tudo, fam√≠lia, amizades, amores...) √© realmente terr√≠vel. Eu pelo menos, tenho muito o chip de acreditar logo q eu sou uma merda pq x me fez sentir assim"
1395755436612145154,2021-05-21 14:56:42+00:00,"Passei a ultima hora a esticar um cabelo carapinha, eu nunca pensei que fosse t√£o complicado bro. Estou a morrer das costas. Desculpa tatiana se algum disse que o teu cabelo era terr√≠vel, o teu cabelo √© uma Beyonc√© ao p√© de certos cabelos que apanho c√° na escola"
1395717122794344452,2021-05-21 12:24:27+00:00,"@mariaescaja As pessoas s√£o pobres, o nosso pa√≠s √© pobre, o nosso SNS √© uma m√≠sera e se n√£o fores FP ou tiveres dinheiro para um seg sa√∫de √© a selva, a nossa educa√ß√£o √© terr√≠vel, o nosso sal√°rio m√≠nimo s√£o 600‚Ç¨ e achas que devem entrar mais pobres? Nem para eles seria bom."
1395674529549201408,2021-05-21 09:35:12+00:00,"@andrefp19 @nunoliveira_17 Foi literalmente o melhor marcador do campeonato mano merecia ele muito mais que o Guedes ou o rafa, a sorte desses dois √© o neto e o podence tarem lesionados e o trincao ter feito uma √©poca terr√≠vel"
1395669374325899264,2021-05-21 09:14:43+00:00,"@JoaoMalas Bom dia Jo√£o!! Esta semana est√° a ser terr√≠vel, mesmo... Mas vamos l√°, com coragem para mais um dia!! Beijinhos e boa sexta feiraüåûüåû‚òï‚òï"
1395650080720490497,2021-05-21 07:58:03+00:00,s√≥ quero quebrar este terr√≠vel loop
1395636411802570752,2021-05-21 07:03:44+00:00,Terr√≠vel juro
1395632745716584448,2021-05-21 06:49:10+00:00,@RitaMarrafadeC Vamos continuar a a√ßoitar-nos por causa do terr√≠vel passado colonial. Se a coloniza√ß√£o romana n√£o tivesse acontecido hoje estar√≠amos muito mais perto de √Åfrica. Seria √≥timo.
1395610999911239682,2021-05-21 05:22:46+00:00,Uma terr√≠vel realidade... üíîüò¢üò¢ https://t.co/26bqS6Pyg9
1395547818207625217,2021-05-21 01:11:42+00:00,@oidiotamkt Claramente!!! √â uma terr√≠vel praga!!
1395532327535656964,2021-05-21 00:10:09+00:00,@skrt_skrttt Tatua paz terr√≠vel atr√°s da orelha
1395530870837088267,2021-05-21 00:04:21+00:00,"@Staut_Brito @Rodrigo__SP O frio est√° terrivel, estou dormindo com 2 cobertores e 1 edredom. Bacci!"
1395518705614966787,2021-05-20 23:16:01+00:00,@criisilva Fim de semana ta terr√≠vel mm
1395500848713814017,2021-05-20 22:05:04+00:00,"Gostos √† parte, do atual Top 10 geral, n√£o entendo como a Isl√¢ndia est√° l√° desde sempre‚Ä¶. Os outros reconhe√ßo o seu m√©rito, agora n√£o vejo a Isl√¢ndia como candidato √† vit√≥ria. N√£o d√°, aquela atua√ß√£o √© terr√≠vel. Parecem uns parolos de pijama sorry mas kinda true ü§∑‚Äç‚ôÇÔ∏è #Eurovision"
1395500258227073024,2021-05-20 22:02:43+00:00,S√≥ queria tar no Brasil na paz terr√≠vel
1395493598263758849,2021-05-20 21:36:15+00:00,comprei um vestido lindo q eh todo colado tenho a emagrecer urgente pra usar ele pq quero muito muito usar e n posso com esse corpo terr√≠vel q eu tenho
1395475394548097028,2021-05-20 20:23:55+00:00,@Carlos_de_Sa @Sarin_nlnl Sofrem desse terr√≠vel complexo desde 45.
1395473650913009671,2021-05-20 20:16:59+00:00,"Idc, Linkin Park √© terr√≠vel mas entre ter uma c√≥pia entertaining de Linkin Park e arroz, que venha FINkin Park"
1395459024326430731,2021-05-20 19:18:52+00:00,"A ver o #Eurovision2021 enquanto a minha filha est√° no treino de futebol, e onde vai saber se vai ser convocada para o jogo de domingo.

Sou um pai terr√≠vel por n√£o preferir ver o treino?

Sou uma pessoa terr√≠vel por gostar de ver o festival da can√ß√£o? https://t.co/RJ3Ha92Hld"
1395434408166019073,2021-05-20 17:41:03+00:00,"@ssarahandrade voc√™ √© tao machista. Semplismente desejo que nenhuma mulher trate voc√™ como vc faz com elas. Terr√≠vel pensamento, zero ajuda para o feminismo. 
N.o.j.e.n.t.o. garota..."
1395392430644633603,2021-05-20 14:54:15+00:00,Realmente √© terr√≠vel. Olha o resultado: https://t.co/Fgd7ceVeaC https://t.co/u8lgnFXWTw
1395327572083367937,2021-05-20 10:36:31+00:00,"@Barbaradaniie7 Terr√≠vel mas felizmente, perdeuüòÇ"
1395325937839968258,2021-05-20 10:30:02+00:00,"Rafael e o Terr√≠vel, Horr√≠vel, Nada Bom, P√©ssimo Dia"
1395306497698054146,2021-05-20 09:12:47+00:00,@dispeachy √â terr√≠vel fazerem isso.
1395304352244539392,2021-05-20 09:04:15+00:00,@ciosamente √â terr√≠vel fazerem isso ou √© terr√≠vel eu n√£o gostar?
1395303180985061376,2021-05-20 08:59:36+00:00,@dispeachy Isso √© terr√≠vel
1395170932310880261,2021-05-20 00:14:05+00:00,"@Manuelism0 tamb√©m estou inclinado para isso üòÇ

√© que os gajos nem o enzo conseguem p√¥r √† prova, terr√≠vel, queria ver um remate √† baliza plo menos"
1395169784124297220,2021-05-20 00:09:32+00:00,"@callmehellrazor Jurooooo
Danzo mm era terr√≠vel ü§£ü§£ü§£"
1395162734866665472,2021-05-19 23:41:31+00:00,@I_J_R_C99 Terr√≠vel ü§¶ü§¶
1395155108246310912,2021-05-19 23:11:13+00:00,"@RodrigoDHPaiva Terr√≠vel ter um √°rbitro destes a dirigir um jogo.
Nem sei como chegou aqui"
1395150545803960322,2021-05-19 22:53:05+00:00,"@suffernandes @AlexandreRute Eu descobri aqui que sou esquisita, n√£o gosto de nada que os outros gostam. √â terr√≠vel."
1395128927169961988,2021-05-19 21:27:11+00:00,"@beatrizzna Coco √© horr√≠vel, agora coco e chocolate juntos? Bate a escala de terr√≠vel"
1395115462229467141,2021-05-19 20:33:40+00:00,@Beatrizdcnunes N√£o üò≠üò≠ √© terr√≠vel
1395108719646609412,2021-05-19 20:06:53+00:00,@sportinguistas2 Plata √© terr√≠vel. Al√©m que j√° somos campe√µes e nesta altura dar um jogo ao Plata equivale a nada. A √©poca acabou e mesmo que fa√ßa uma boa partida ningu√©m se vai lembrar
1395097563519455232,2021-05-19 19:22:33+00:00,Tenho 19 e no outro dia usei p√©talas de rosa pq ‚ú®aesthetic‚ú® e na verdade aquilo √© DEMASIADO TERR√çVEL https://t.co/d8QhA47CEK
1395089740802756608,2021-05-19 18:51:28+00:00,"Finamente o √∫ltimo jogo desta terr√≠vel √©poca, agora √© ganhar este jogo e a ta√ßa e esperar por mudan√ßas para a pr√≥xima √©poca Benfica"
1395084631788109832,2021-05-19 18:31:10+00:00,Ontem tive a ver o filme do Al Capone e foi terr√≠vel! Fiquei bastante surpreendido pelo Tom Hardy protagonizar um filme t√£o fraquinho...
1395081816558686216,2021-05-19 18:19:59+00:00,"tenho sp demasiadas expectativas para os meus anos, terr√≠vel"
1395078511870763010,2021-05-19 18:06:51+00:00,@kikareismorais o algoritmo do twitter √© q √© terrivel
1395049364981157888,2021-05-19 16:11:02+00:00,"O que √© que est√° a acontecer no norte de √Åfrica para que seres humanos, inclusive mulheres com filhos beb√©s a tiracolo, se lancem numa viagem de morte para a Europa? Que insanidade √© esta? O que se passa em Ceuta √© terr√≠vel!"
1395036530113122308,2021-05-19 15:20:01+00:00,Paz terr√≠vel Boa tarde com Jesus üïäüôå
1395004972258021377,2021-05-19 13:14:37+00:00,o amor por roupa preta √© terr√≠vel nos dias quentes mas fds o que importa √© estar de preto mesmo
1394986794886864900,2021-05-19 12:02:24+00:00,"@luisjorge L√™, tamb√©m, o David Grossman sobre o assunto e nas conversas com o Auster. Um homem sensato e, sobretudo, arguto sobre o conflito, apesar de ter sofrido a mais terr√≠vel dor: a ter perdido um filho ao servi√ßo do ex√©rcito israelita."
1394984352723918856,2021-05-19 11:52:41+00:00,"Ent√£o o PSG s√≥ tem a obriga√ß√£o de comprar (16 milh√µes) o Danilo se for campe√£o? Mais uma raz√£o para n√£o querer que o sejam. O Danilo fez IMENSA falta este ano. S√≥ a terr√≠vel gest√£o financeira do clube, para ter obrigado a um neg√≥cio t√£o mau."
1394971890163273728,2021-05-19 11:03:10+00:00,henrique o terr√≠vel https://t.co/GQqZhcxcF3
1394971544170946561,2021-05-19 11:01:48+00:00,a minha m√£e disse que eu era terr√≠vel
1394964658688339972,2021-05-19 10:34:26+00:00,"que semana terr√≠vel, n√£o me apetece fazer absolutamente nada"
1394962107167301636,2021-05-19 10:24:18+00:00,"o dia de amanh√£ vai ser terr√≠vel, n√£o tou prontaaa"
1394955526149230593,2021-05-19 09:58:09+00:00,"Joaquim Mochique assume que viveu ""ano terr√≠vel"" https://t.co/sMFgErPf4X https://t.co/asnhrAks84"
1394949418168856578,2021-05-19 09:33:52+00:00,Que seja muito em breve... üôèüôè  Este massacre √© terr√≠vel demais!!!üíîüò¢ #PalestinaLivre https://t.co/pX15VvcsZc
1394936051710500864,2021-05-19 08:40:46+00:00,"@nunomigls √â terr√≠vel. O meu primeiro beb√© (entenda-se O beb√©) ficou sem mim 3 ou 4 dias pq tv mm q ser e qd cheguei qs me deu 1 coisa. Emagreceu imenso, n comeu nada esses dias."
1394920698003460097,2021-05-19 07:39:45+00:00,@angesims uma luminosidade que n√£o √© a da lua no mar refletida √© terr√≠vel...por isso acabam predadas ou atropeladas. Milhares morrem devido √† polui√ß√£o luminosa...e h√° tts outros exemplos.
1394914327875002373,2021-05-19 07:14:26+00:00,"Paz terr√≠vel, 4:20 vou taca fogo devido a √∫nica lei q sigo e respeito üçÅüçÅ"
1394893242009804801,2021-05-19 05:50:39+00:00,@dissidencias Isso seria uma terr√≠vel amea√ßa!
1394883057992310784,2021-05-19 05:10:11+00:00,@gui_estima A√≠ terr√≠vel
1394819962473271297,2021-05-19 00:59:28+00:00,"Dia 18 de maio √© sempre um dia U√ì, mas esse ano...  Ali√°s, esse ano t√° sendo um ano terr√≠vel, que nem chegou na metade e eu n√£o aguento mais."
1394815624300449794,2021-05-19 00:42:13+00:00,"@arianaa_c19 N√£o queiras, √© terr√≠vel"
1394808440082604035,2021-05-19 00:13:41+00:00,@matheeus_gb N√£o T√° adiantando Ksks √© um sono terr√≠vel essa nossa lateral esquerda üòî
1394804219920666631,2021-05-18 23:56:54+00:00,"nota!!
s√£o todos muito bons, o Sputnik Sweetheart n√£o √© terr√≠vel mas demasiado curto e all over the place/nonsense (o Murakami normalmente faz isso bem, mas neste caso it wasn't my cup of tea)"
1394786266927992832,2021-05-18 22:45:34+00:00,"@ElisaGaiao (n√£o estou a falar dos gajos que andei, esses s√£o fruto da minha terr√≠vel sina)"
1394769572717375493,2021-05-18 21:39:14+00:00,"@magalhaes81 Sempre ouvi o pessoal a queixar-se das costelas e pensava: que grandes pussies. Aquilo √© um ossito com uma cartilagem.
D√≥i pra caralho. A respirar. A dormir. A descer escadas. Tossir √©  terr√≠vel.  Espirrar √© um interrogat√≥rio da Gestapo."
1394761699899625472,2021-05-18 21:07:57+00:00,@terrivel_joao Olha gostei hahaha vou come√ßar a fazer mais ‚ÄúO DOM AVALIA‚Äù
1394743283822342146,2021-05-18 19:54:46+00:00,"Professores de Direito: ""Perdoem-me este tipo de linguagem... N√£o devia dizer isto em contexto de aula, mas n√£o consigo evitar: o que aconteceu foi terr√≠vel."""
1394718162764115969,2021-05-18 18:14:57+00:00,"@_mpinho_ e aquela ""o sonho imposs√≠vel vai se tornar realidade eu sei q o mundo ta terr√≠vel mas n√£o vai ser a maldade que vai me tirar de vc"""
1394655806134571012,2021-05-18 14:07:10+00:00,"Ent√£o o Mc Kevin estava a fazer sexo na varanda com uma modelo do instagram fitness ""prostituta"" a tal de Bianca Domingues segundo ela disse, conclus√£o Morreu por causa de BUCETA olha o karma √© fdd trai√ß√£o √© terr√≠vel e quem a pratica ou se arrepende ou cai na trag√©dia (dem√≥nios)"
1394652390448640005,2021-05-18 13:53:35+00:00,"Juro ahahah, a minha turma √© terr√≠vel"
1394637219193884672,2021-05-18 12:53:18+00:00,"‚Äú A noite √© terr√≠vel, mas o pior √© o acordar‚Äù"
1394625668525199360,2021-05-18 12:07:24+00:00,Paz terr√≠vel
1394603906643148806,2021-05-18 10:40:56+00:00,"@mdemeuri pse, eu era terr√≠vel"
1394590256662519809,2021-05-18 09:46:42+00:00,"@_JUNGLEJULIA_ Sim, sim. E agora filme das hormonas √© terr√≠vel! Nem imaginas."
1394588111993180160,2021-05-18 09:38:10+00:00,q noite terr√≠vel
1394581714052255746,2021-05-18 09:12:45+00:00,ver amigos perdendo entes queridos √© uma dor terr√≠vel :(
1394578260940443650,2021-05-18 08:59:02+00:00,"@mdemeuri eu era terr√≠vel tamb√©m. na minha escola tinha um menino que tinha problemas mentais, a√≠ ele odiava que algu√©m falasse ""iabababadu"" do lado dele. e adivinha: eu passava o dia INTEIRO falando isso no ouvido dele."
1394486762576175107,2021-05-18 02:55:27+00:00,@fsanttos21 Kkkkkkkkkk ele √© terr√≠vel mano
1394432631673131008,2021-05-17 23:20:21+00:00,"Vi a entrevista do Toni Carreira.
Que dor, meu Deus.
Vi-o recentemente e estava com um ar terr√≠vel quase irreconhec√≠vel.
Que Deus o ajude at√© porque o pr√≥prio Deus sabe o que √© perder um filho! https://t.co/06h7Ht42Q7"
1394430111798251522,2021-05-17 23:10:20+00:00,"@umagaivotavoava :'( 

N√£o consigo imaginar o que √© ter que lidar com esse tipo de situa√ß√µes. √â terr√≠vel e era bom que as pessoas ganhassem outro tipo de consci√™ncia. Ler aquela thread √© um bom passo para come√ßar a mudar mentalidades."
1394426645054959617,2021-05-17 22:56:34+00:00,"@Manuelism0 N√£o sei como √© noutras zonas do pa√≠s mas aqui no Algarve √© simplesmente terr√≠vel, os comboios s√£o lentos, antigos (a maior parte da linha nem sequer est√° eletrificada) e ainda por cima s√£o barulhentos como o cara√ßas"
1394423262680166401,2021-05-17 22:43:07+00:00,mais ou menos pq estava com um escald√£o terr√≠vel pq tive para a√≠ 1038282 horas na praia e meti todos os produtos para estimular o bronzeado que encontrei üôÉ https://t.co/806iRS0ITT
1394420647061770241,2021-05-17 22:32:43+00:00,‚Äú √† noite √© terr√≠vel mas pior ainda √© acordar ‚Äú
1394411795419475972,2021-05-17 21:57:33+00:00,Jogar nessas condi√ß√µes deve ser terr√≠vel ü§£ https://t.co/shV3V1vvYI
1394400688566939648,2021-05-17 21:13:25+00:00,"@CultureWarGen @fabiosntrodrig Onde esta a defesa de Netanyahu? Condenar o Hamas n√£o √© apoiar Netanyahu. 

Quanto ao bloqueio √© terr√≠vel tal como o bloqueio por parte do Egipto ou os pedidos da autoridade Palestiniana para cortar a eletricidade em Gaza"
1394400180401803269,2021-05-17 21:11:24+00:00,"""A noite √© terr√≠vel. Mas o acordar √© pior (‚Ä¶) √© um vazio total.""

Ficarei com esta frase de Tony Carreira guardada durante muito tempo."
1394399031024095237,2021-05-17 21:06:50+00:00,"Que murro no est√¥mago esta entrevista ao Tony Carreira. N√£o sou pai, mas isto √© de uma viol√™ncia terr√≠vel."
1394397425964666882,2021-05-17 21:00:27+00:00,""" A noite √© terr√≠vel, pior ainda √© o acordar "" - Tony ü§ç"
1394395788575444997,2021-05-17 20:53:57+00:00,"@terrivel_joao V√™s como sabes, para al√©m de metade do semestre por recurso tamb√©m"
1394389749297733641,2021-05-17 20:29:57+00:00,Esta entrevista ao Tony Carreira.... Que dor terr√≠vel crl.
1394386343145390082,2021-05-17 20:16:25+00:00,@terrivel_joao √â na Universidade que aprendemos a poupar para o que √© realmente necess√°rio
1394374761615085573,2021-05-17 19:30:24+00:00,"@terrivel_joao Junta-te √† Julinha, s√≥ custa a primeira"
1394341037758365704,2021-05-17 17:16:23+00:00,"Este homem merece tudo, vi o epis√≥dio dele h√° uns dias e nem tenho palavras para descrever aquele momento todo, ver em direto foi terr√≠vel mas em document√°rio‚Ä¶ Que tenha sido uma p√°gina m√° de um livro bom que est√° por ser escrito ainda para estes dois ‚ù§Ô∏è https://t.co/Fn7DhKl4It"
1394337780575113218,2021-05-17 17:03:27+00:00,Ela e toda errada mais me passa uma paz Terr√≠vel !!
1394333165095952385,2021-05-17 16:45:06+00:00,@AlciaBrito5 Cadas afrontas q nu fz na kel igreja la mdeoss nu era terrivel ü§£ü§£ü§£ü§£
1394312766014599171,2021-05-17 15:24:03+00:00,"https://t.co/voPFzAILdp
Imagino que quem chutou, n√£o ache gra√ßa, se ganhar alcunha de "" p√© canh√£o"" 
Terr√≠vel acontecimento."
1394291739381407746,2021-05-17 14:00:30+00:00,@tichamoreira14 A festa no Marqu√™s esse ano foi terr√≠vel
1394285491164430342,2021-05-17 13:35:40+00:00,@brunafg____ n√© mas esta semana est√° terr√≠vel e ainda agora come√ßou
1394244066934730755,2021-05-17 10:51:04+00:00,"@mdemeuri depois de uma prova TERR√çVEL como essa, desisti da luta"
1394240405395460097,2021-05-17 10:36:31+00:00,Devia ser crime acordar e levar com esta voz terr√≠vel
1394229278485663749,2021-05-17 09:52:18+00:00,O H√≥quei Clube de Turquel endere√ßa √† fam√≠lia e amigos os sentidos p√™sames por esta terr√≠vel perda e muita for√ßa para superar este momento.
1394222280767574016,2021-05-17 09:24:29+00:00,"@homemdasteclas @i_melosampaio O que est√° a acontecer √© a demoli√ß√£o sistem√°tica de um povo. O Holocausto foi  o mais terr√≠vel evento da Hist√≥ria da Humanidade mas s√£o as pessoas que est√£o no Poder em Israel que est√£o a desrespeitar essa mem√≥ria, talvez mesmo a us√°-la para justificar os seus actos."
1394213066104053761,2021-05-17 08:47:52+00:00,net da nos estes √∫ltimos dias tem andado terr√≠vel üôÑ
1394099312578207746,2021-05-17 01:15:51+00:00,"@ruitavares @pedro_lains Estou desolada com esta terrivel noticia sobre Pedro Lains. Os meus p√™sames  a toda a familia. Eu adorava tudo o que ele escrevia e as suas interven√ß√µes. Foi amigo de meu marido, JPinto e Castro, que muito o apreciava  como economista e acad√©mico."
1394098649165074435,2021-05-17 01:13:13+00:00,"@helenag Estou desolada com esta terrivel noticia sobre Pedro Lains. Os meus p√™sames  a toda a familia. Eu adorava tudo o que ele escrevia e as suas interven√ß√µes. Foi amigo de meu marido, JPinto e Castro, que muito o apreciava  como economista e acad√©mico."
1394097876943396864,2021-05-17 01:10:09+00:00,"Estou desolada com esta terrivel noticia sobre Pedro Lains. Os meus p√™sames  a toda a familia. Eu adorava tudo o que ele escrevia e as suas interven√ß√µes. Foi amigo de meu marido, JPinto e Castro, que muito o apreciava  como economista e acad√©mico. https://t.co/PhOqGzYgZP"
1394083052528316424,2021-05-17 00:11:15+00:00,Este m√™s est√° a ser terr√≠vel
1394081713106657287,2021-05-17 00:05:55+00:00,"o cara tem uma carreira de sucesso no meio h√° mais de 6 anos e os jornais ir√£o priorizar, ainda mais nesse momento terr√≠vel, as pol√™micas do cara.

voc√™s s√£o uns MERDAS!"
1394061495839989765,2021-05-16 22:45:35+00:00,"@Adriana_Az27 https://t.co/T89pUPgP2t

Explica ent√£o porque √© assim tao terr√≠vel fazer essa compara√ß√£o, se n√£o se doem quando se faz a mesma com bolso manto ou trump?"
1394035697405906950,2021-05-16 21:03:04+00:00,"Harry Potter and the Half Blood Prince √© filme com pior adapta√ß√£o livro-filme que eu j√° vi! Inventam de p√¥r o Harry no flirt com uma funcion√°ria do caf√©, mas n√£o d√£o um funeral ao Dumbledore e fazem uma adapta√ß√£o terr√≠vel do beijo entre o Harry e a Ginny"
1394033893133758464,2021-05-16 20:55:54+00:00,"@szn_zito n√£o jogam sozinhos. aquela defesa esteve terr√≠vel, se n√£o fosse o Aderllan estaria em √∫ltimo."
1394016449572782092,2021-05-16 19:46:35+00:00,@janluizo Mancini √© terr√≠vel*
1393999307792166921,2021-05-16 18:38:28+00:00,"@OPrata95 Barcelona t√° um nojo 
Sempre o Lenglet a nos lixar 
Pique n√£o aguenta beat 
Braith nunca faz nada 
Dembele a finalizar √© terr√≠vel"
1393996092652625920,2021-05-16 18:25:42+00:00,"@biologia_braba @Rochafabs √âs terr√≠vel...ü§îü§îü§î
Adoro ü§´ü§´ü§´üòçüòçüòç https://t.co/8a1aIcKmk2"
1393990094445547525,2021-05-16 18:01:52+00:00,Isto vai ser um peso para a recupera√ß√£o da economia portuguesa terr√≠vel. Vamos ficar mais uma vez para tr√°s. https://t.co/PUHJkgzBc1
1393973706049867778,2021-05-16 16:56:44+00:00,n√£o levo asr üòÇüòÇüò≠ terr√≠vel
1393932676684472321,2021-05-16 14:13:42+00:00,Nos √∫ltimos dias tenho conversado sobre a Twitch com o @srjornalisto. Conversas comigo e com outros streamers que resultaram num artigo que todos deviam ler ‚ù§Ô∏èhttps://t.co/37XJ4hGdm6
1393905072086659074,2021-05-16 12:24:01+00:00,@AnneRoCi @alegianedo Incr√≠vel  a hist√≥ria Anne...essa doen√ßa √©  terr√≠vel mesmo...
1393892104540246017,2021-05-16 11:32:29+00:00,"@MariliaMoscou A idade n√£o √© a maior quest√£o (eu inclusive to num relacionamento com consider√°vel diferen√ßa de idade), talvez eu nem tenha me expressado bem. O modus operandi √© que eu acho terr√≠vel. E n√£o √© incomum. Me incomoda bastante."
1393848230862069760,2021-05-16 08:38:09+00:00,"""Big Brother is streaming you"". Como uma ‚Äúideia terr√≠vel‚Äù se tornou no fen√≥meno de diretos mundial que √© a Twitch https://t.co/7rleaIfMam"
1393834301335212035,2021-05-16 07:42:48+00:00,Que pesadelo terr√≠vel...
1393831724858200064,2021-05-16 07:32:34+00:00,"@CristinaRodDep Excelentes not√≠cias, era uma viol√™ncia terr√≠vel para estas pessoas. Muito obrigado"
1393798401553223682,2021-05-16 05:20:09+00:00,"@barbaraxvanessa Acho que √© 4 , porque fosse 50-50 tinhas de tirar 5 para dar pelo menos 9,5 mas como √© 60-40 tens de tirar 4 para conseguires pelo menos 9,5 e passares √† disciplina (bem eu sou terr√≠vel a matem√°tica por isso tem grande possibilidade de estar mal üòÇüòÇ)"
1393724439372734467,2021-05-16 00:26:15+00:00,M√≥ paz terr√≠vel 24/7
1393690940569702400,2021-05-15 22:13:08+00:00,Ver algu√©m destruir outra pessoa s√≥ por palavras √© t√£o terr√≠vel quanto ver porrada
1393677661222866955,2021-05-15 21:20:22+00:00,"@taf @L_Duarte √â de assinalar que este chico-espertismo t√£o tuga, em prol da opacidade e da pesporrencia republicana, √© uma caracter√≠stica dos personagens deste governo e est√° a deixar um legado terr√≠vel de nepotismo e opacidade democr√°tica plantado no cora√ß√£o do Estado. Assim, assinale-se!"
1393661124487356427,2021-05-15 20:14:39+00:00,@Daniella___01 @pipavilao @antifachoshouse √â n√£o sou mau??? Terr√≠vel
1393654037355053069,2021-05-15 19:46:30+00:00,paz terr√≠vel
1393652728711241730,2021-05-15 19:41:17+00:00,@Joga_Simples Rio ave est√° uma casa a arder. Balneario terrivel.
1393646045977092096,2021-05-15 19:14:44+00:00,"Sinto-me sem rumo, e isso √© terr√≠vel"
1393644297099022336,2021-05-15 19:07:47+00:00,"@dufarinha15 Isso foi tudo na 2.¬™ parte mano, tmb acho q foi uma 2.¬™ parte terr√≠vel, principalmente por causa das substitui√ß√µes do homem"
1393643732306649090,2021-05-15 19:05:33+00:00,"@gazua_ Eu fiquei menos lixado. Mas este ano foi terr√≠vel. Eu nem vi o jogo hoje, para teres no√ß√£o. Mexe demasiado comigo ver estes gajos a representar o Benfica desta forma."
1393642294532784130,2021-05-15 18:59:50+00:00,@brunista0 Exibi√ß√£o terr√≠vel do matheus nunes
1393632438966968325,2021-05-15 18:20:40+00:00,"nunca vou entender as cr√≠ticas a Naruto Shippuden , eu adoro e mesmo at√© a parte da Kaguya ( que foi terr√≠vel n√© kishimoto ) tem as suas coisas  incr√≠veis .
O arco do Pain √© o melhor que j√° vi https://t.co/UUWYO1AA6q"
1393625254375854080,2021-05-15 17:52:07+00:00,@pedropires314 @medina85_ Tu √©s terr√≠vel @pedropires314 üòÇ
1393623784675061766,2021-05-15 17:46:17+00:00,deus herdei o gosto terr√≠vel da minha m√£e para homens ksjsksksk
1393620649499889668,2021-05-15 17:33:49+00:00,@Fernando__Gomes Ainda h√° duas jogadas tivemos um jogo terr√≠vel
1393598675872591873,2021-05-15 16:06:30+00:00,"@Antonio41077522 @CabineSport 4 desses cones acabam de se sagrar campe√µes em Inglaterra,  com hip√≥tese de ganhar a champions league em Portugal,  no bonito est√°dio do Drag√£o.  O cone est√° a um passo de ser campe√£o em Espanha,  tem mais um cone que poder√° ser campe√£o em Fran√ßa...este Mendes √© mesmo terr√≠vel"
1393592348911734789,2021-05-15 15:41:22+00:00,Tar doente em epoca de covid √© s√≥ terr√≠vel
1393587676163444740,2021-05-15 15:22:48+00:00,"@BeatrizPorto92 E um terr√≠vel jogo da juve, q c√° com 1' de jogo estava a perder e l√° com mais um jogador n√£o consegue acabar com a eliminat√≥ria. M√©rito do Porto? Sim. Mas se a Juve fosse esse colosso que fazem querer parecer isto n√£o acontecia. 
Contra o Chelsea foi o contr√°rio, foi o Porto(...)"
1393565724417970179,2021-05-15 13:55:34+00:00,"Esclarecedor.

Ps. N√£o justifica o planeamento terr√≠vel desta √©poca. https://t.co/ghtQc6e1S5"
1393543299772915713,2021-05-15 12:26:28+00:00,@vantvcs √© terrivel
1393533541292691457,2021-05-15 11:47:41+00:00,que paz terr√≠vel
1393527881180098562,2021-05-15 11:25:12+00:00,"N√£o, simplesmente eras terr√≠vel https://t.co/4cmiuKV9bT"
1393527478745026566,2021-05-15 11:23:36+00:00,Que noite terr√≠vel...üòîü§¶‚Äç‚ôÇÔ∏è
1393526776647888897,2021-05-15 11:20:48+00:00,@Dj_patrisboy Feliz anivers√°rio terr√≠vel ü§£üòò‚ù§Ô∏è
1393525494650388481,2021-05-15 11:15:43+00:00,@foradakigado Isso √© terr√≠vel. üòë
1393515246753652736,2021-05-15 10:34:59+00:00,"@FutebolSentido eu devo ser o √∫nico achar o Esgaio um jogador t√£o mediano, ele a fazer dobra aos centrais √© terr√≠vel e est√° sempre fora de jogo."
1393500433218347014,2021-05-15 09:36:07+00:00,‚ÄúBig Brother is streaming you‚Äù. Como uma ‚Äúideia terr√≠vel‚Äù se tornou no fen√≥meno de diretos mundial que √© a Twitch https://t.co/vjdUvlJOwM https://t.co/UKOScs8YNX
1393468381135876098,2021-05-15 07:28:46+00:00,"Eu n√£o acredito que me estou a deitar as 8 da manh√£, terr√≠vel"
1396381490527805442,2021-05-23 08:24:25+00:00,@merelapsed Simplesmente foi porque a musica deles era nojenta e terrivel lmao
1396288703941824516,2021-05-23 02:15:43+00:00,"AL√î ZEQUINHAAAA,?!! GUERRA TERR√çVEL üò≠üò≠üò≠üò≠üò≠üò≠üò≠ https://t.co/5y3SjjXKiC"
1396287082042167296,2021-05-23 02:09:16+00:00,@Weasley_rfg Ela tem um passado terr√≠vel.
1396281995026653187,2021-05-23 01:49:03+00:00,"@UrubuTT_ O Ceni √© um Fanfarr√£o terrivel, se queima p√° nada"
1396259020055457793,2021-05-23 00:17:46+00:00,"@pjcharmosin Quem tem brilho,tem tudo kkkkk bj da Vic Terr√≠vel...ü§≠ü§≠ü§≠"
1396255322608750596,2021-05-23 00:03:04+00:00,@NebuRCoD √© terrivel nebur
1396251209766420486,2021-05-22 23:46:44+00:00,@odanielgofc @SorayaLuloah üòÇüòÇüòÇüòÇ √©s terr√≠vel @odanielgofc
1396244560058142722,2021-05-22 23:20:18+00:00,"@sunlight_hello As adi√ß√µes n√£o t√™m cura. Todos os dias ""limpos"" s√£o de vit√≥ria. Terr√≠vel para quem est√° agarrado e terr√≠vel para aqueles que os amam."
1396242089533394952,2021-05-22 23:10:29+00:00,"Que horror de filme, aquilo √© obra do diabo, que terr√≠vel"
1396236974760026113,2021-05-22 22:50:10+00:00,"A eurovisao √© terr√≠vel, mas uma gaja diverte se a comentar c a fam√≠lia admito"
1396232768452022278,2021-05-22 22:33:27+00:00,"@ephipailny n√£o n√£o, foi terr√≠vel"
1396232348006592516,2021-05-22 22:31:47+00:00,"H√° pessoas que t√™m um medo terr√≠vel de estar s√≥s. O seu lema de vida √©: ""muito melhor mal acompanhada que s√≥""."
1396228629776973825,2021-05-22 22:17:00+00:00,"@maticorreiantao Pizza √© terr√≠vel, n√£o gosto"
1396214655173988352,2021-05-22 21:21:28+00:00,@veramachado99 Que m√∫sica terr√≠vel üò≠üò≠üò≠üò≠
1396211099138134019,2021-05-22 21:07:21+00:00,Jweez hoje estou terr√≠vel
1396210680269836289,2021-05-22 21:05:41+00:00,"@marciobarcelos Ok‚Ä¶ percebo! N√£o parece terr√≠vel, mas n√£o parece incr√≠vel!"
1396210214429413377,2021-05-22 21:03:50+00:00,Confesso que adorava apresentar um festival #Eurovision. A classe e profissionalismo de um apresentador v√™-se pela quantidade de chouri√ßos positivos que consegue dizer depois de cada coisa terr√≠vel que ouve.
1396208942645186572,2021-05-22 20:58:46+00:00,terr√≠vel san marino e ainda nao come√ßou a m√∫sica  #Eurovision
1396203862336409600,2021-05-22 20:38:35+00:00,@souoadamastor Mete terr√≠vel nisso üòÇüòÇüòÇ
1396203081549942787,2021-05-22 20:35:29+00:00,"Ucr√¢nia, terr√≠vel #Eurovision"
1396192229937623045,2021-05-22 19:52:22+00:00,"A atua√ß√£o da Gr√©cia est√° p√©ssima, pior que na semi final. V√™-se tudo! Terr√≠vel #Eurovision"
1396191983702523912,2021-05-22 19:51:23+00:00,Ai que terr√≠vel
1396172874860400640,2021-05-22 18:35:27+00:00,Internautas alertam tamb√©m sobre a possibilidade de um tr√°gico vazamento de √ìLEO DE MOTOR na regi√£o no dia do evento. Seria uma terr√≠vel fatalidade se acontecesse https://t.co/kFLfJSdHNR
1396162033922490377,2021-05-22 17:52:22+00:00,"Arbitragem terr√≠vel neste jogo, estragou imenso o derby"
1396155685533007875,2021-05-22 17:27:09+00:00,@FutebolSentido Ele foi terrivel no ultimo ano l√°
1396139807131246594,2021-05-22 16:24:03+00:00,"5 primos do meu pai, e um tio dele que se foram. Idades diferentes, uns com comorbidades, outros n√£o, s√≥ pra nos mostrar que nessa doen√ßa terr√≠vel tudo √© uma loteria. Cuidem-se, cuidem dos seus, e n√£o minimizem essa doen√ßa."
1396138334188195842,2021-05-22 16:18:12+00:00,"@CatarinaCoutin3 Acho que ‚ÄúAB‚Äù se esqueceu de dizer onde √© que afinal fica, entretanto, a demagogia e a anti-demagogia?! Ou ser√° que o artigo √© apenas a consequ√™ncia de uma terr√≠vel amn√©sia galopante??!üò§ü§Ø"
1396131196954886145,2021-05-22 15:49:50+00:00,"@pmcoelho Foi meu professor na faculdade, por isso imagina... terr√≠vel. N√£o tem no√ß√£o"
1396114941984313344,2021-05-22 14:45:15+00:00,"Twitter e um place terrivel, aqui julgam por tudo e choram por nada, e preciso sentir na pele pra se perceber que nem tudo √© como parece"
1396114922698838019,2021-05-22 14:45:10+00:00,@fakebalenciaga Uma combundidade terr√≠vel
1396713217125195776,2021-05-24 06:22:35+00:00,"Tempo terr√≠vel, hora terr√≠vel, motiva√ß√£o nem se fala. Ugh"
1396697424345849859,2021-05-24 05:19:50+00:00,@camila_lopes05 Terr√≠vel kkkkkkkkkkk
1396670613419405312,2021-05-24 03:33:17+00:00,Que medo terr√≠vel de falhar quarta-feira
1396655990184058880,2021-05-24 02:35:11+00:00,@KL28809520 Esse garoto e terr√≠vel
1396615827382734852,2021-05-23 23:55:35+00:00,"@Biakicis @jairbolsonaro Se ele estivesse com m√°scara, diriam alguma outra coisa, a m√≠dia lixo √© terr√≠vel e invejosa"
1396613624811110402,2021-05-23 23:46:50+00:00,Paz terr√≠vel criaüïäüôèüèæ https://t.co/BFQ1qVBPh7
1396603452206235650,2021-05-23 23:06:25+00:00,@troyaIIen out que morte terr√≠vel
1396603172966305793,2021-05-23 23:05:18+00:00,Isto √© terrivel fds https://t.co/NGmvD0WhuE
1396602003716022275,2021-05-23 23:00:39+00:00,"Os outros s√£o todos oportunistas, nunca h√° alternativa vi√°vel, mas os que la est√£o que usam a sua reputa√ß√£o como defesa em tribunal √© que s√£o alternativa e nada oportunistas. V√° se l√° entender. Usar outras √©pocas p√©ssimas para defender esta √©poca terr√≠vel tamb√©m √© de louvar"
1396595627610546182,2021-05-23 22:35:19+00:00,@JoseDePina O COVID √© terr√≠vel...durante 19 anos atacou ferozmente os viscondes de Alvalade! Quais moribundos e zombies que agora acordaram de um sono profundo! Andam todos a deambular sem saber onde p√¥r os p√©s...!
1396589165337321479,2021-05-23 22:09:39+00:00,"Ano terr√≠vel, apostou tudo e nada ganhou...e ainda teve de vender o palheiro! https://t.co/fwu3zoukKo"
1396580012053172228,2021-05-23 21:33:16+00:00,@ortoirlandes üòÇüòÇ√âs terr√≠vel!
1396579842624270337,2021-05-23 21:32:36+00:00,"√âpoca terr√≠vel, campe√µes em levantar trof√©us de papel...
√â vergonhoso um clube como o Benfica ter a frente uma cambada de incompetentes a implementar uma cultura perdedora"
1396579621991243776,2021-05-23 21:31:43+00:00,Cem Anos De Terr√≠vel Planeamento Desportivo
1396579431209213952,2021-05-23 21:30:58+00:00,"Nada justifica a terr√≠vel √©poca benfiquista a n√£o ser a m√° gest√£o que vem de cima! 
Presid√™ncia fora! Treinador fora!
Mas foda-se, conseguem estragar uma final com uma expuls√£o mal feita logo no in√≠cio do jogo"
1396579196042948616,2021-05-23 21:30:02+00:00,"@TheRealJuliaG_ E terr√≠vel o S√©rgio e esta equipa do Porto , n√£o sabem perder üòÇ"
1396557888903057411,2021-05-23 20:05:22+00:00,O galeno fez uma √©poca terr√≠vel
1396557294909931524,2021-05-23 20:03:00+00:00,"@farmedeiros todo mundo olhando a bola, terr√≠vel."
1396555767650607116,2021-05-23 19:56:56+00:00,"Sai pizzi, terr√≠vel"
1396554857813848065,2021-05-23 19:53:19+00:00,"@monigoldenkook fico t√£o mas t√£o feliz por ti üíú sei que pode ser dif√≠cil fazer esse auto reconhecimento, porque geralmente temos a tend√™ncia de nos comparamos aos outros, o que √© terr√≠vel. mas acredita que tens um potencial enorme e continua a fazer o que mais te apaixona!! good luck fofi üçÄ"
1396549327582023685,2021-05-23 19:31:20+00:00,Terr√≠vel
1396535414522097664,2021-05-23 18:36:03+00:00,Paz terr√≠vel üôèüèΩ
1396534144138715137,2021-05-23 18:31:00+00:00,Este aperto no peito e terr√≠vel
1396529611115220993,2021-05-23 18:13:00+00:00,@goncalomeira98 juro q pontaria terr√≠vel fds üò≠üò≠üò≠
1396526819101319170,2021-05-23 18:01:54+00:00,@BartoMaggie √â preciso desfazer (devagarinho) a 'terr√≠vel heran√ßa' recebida üòé
1396519868938194946,2021-05-23 17:34:17+00:00,Belo terr√≠vel texto https://t.co/HDCgKCEIIQ
1396509712133263363,2021-05-23 16:53:55+00:00,@_ariellemp @eunicemartins Sou paz terr√≠vel
1396505153298108416,2021-05-23 16:35:49+00:00,"@dasilveiraalan DEMAIS! Quando eu estava na faculdade eu n√£o tinha tanta no√ß√£o disso, mas sempre pensei que o nome do meu objeto de estudo √© um alem√£o que quis dar uma de salvador branco na Col√¥mbia. Terr√≠vel! S√≥ europeu √© refer√™ncia nisso."
1396491617125679105,2021-05-23 15:42:01+00:00,Atalanta-Milan (19h45) que jogo terr√≠vel!...
1396463326750707714,2021-05-23 13:49:36+00:00,Fim de semana terr√≠vel para a Mercedes
1396458443867922437,2021-05-23 13:30:12+00:00,@VoIts @NebuRCoD Terr√≠vel √© quem compra isso üòÇ
1396449940034015236,2021-05-23 12:56:25+00:00,@http_Andreia_ Seria terr√≠vel üò≠
1396435859721838592,2021-05-23 12:00:28+00:00,@cmpcr √âs terr√≠vel. Como te odeio! üò§
1396426773789908994,2021-05-23 11:24:21+00:00,@RitaMarrafadeC Um v√≠cio terr√≠vel. Quantas raparigas n√£o me disseram que n√£o estavam com comich√£o.
1396417372077051905,2021-05-23 10:47:00+00:00,"@_19jep06_ Ningu√©m quer d√≠vidas, e √© terr√≠vel n√£o pagar aos fornecedores! Por√©m todos tem d√≠vidas, todos! Em todos os pa√≠ses, pode ser triste, mas √© a realidade do futebol! Com o crescimento do clube, vit√≥rias no campeonato, fazer boas Champions, significa muitos ‚Ç¨‚Ç¨ a caminho"
1396398644341968897,2021-05-23 09:32:35+00:00,@pinhoquinto Terr√≠vel‚Ä¶porra.
1397002174488526848,2021-05-25 01:30:48+00:00,@QGJulietteOF Isso √© terr√≠vel. DOENTIO
1396962417641414665,2021-05-24 22:52:49+00:00,@tenreiiroo √© terr√≠vel
1396950588513005575,2021-05-24 22:05:49+00:00,tou com um mau humor terr√≠vel
1396919473471426562,2021-05-24 20:02:10+00:00,falta de auto-estima √© uma cena terr√≠vel
1396899952685629440,2021-05-24 18:44:36+00:00,@DanielSFurlan N√£o consigo imaginar a frustra√ß√£o de um jovem querendo ver sua streamer favorita no hot tub do twitch e aparecer uma propaganda de minancora. Que previs√£o terr√≠vel para a humanidade
1396893843996487681,2021-05-24 18:20:20+00:00,@_solractg O pr√≥prio Lukashenko sequestrou o avi√£o. Que coisa mais horrorosa! O leste Europeu √© terr√≠vel! S√≥ facho pra cima e pra baixo.
1396890704358658053,2021-05-24 18:07:51+00:00,eu e o meu v√≠cio terr√≠vel de comprar tops da Zara que n√£o preciso para nada
1396841974053879812,2021-05-24 14:54:13+00:00,@theAwesomeOne88 Terr√≠vel. Bora para Alvor
1396819618745004035,2021-05-24 13:25:23+00:00,"@Shyznogud ai, cralhes. vou j√° ver. o WhatsApp √© uma cena terr√≠vel de avalanche"
1396816562938593296,2021-05-24 13:13:14+00:00,@A19x17 Juro Granda terrivel
1396800093156745222,2021-05-24 12:07:48+00:00,"@AndreChefe98 isso sem d√∫vida, a defesa especialmente √© terr√≠vel. Crescer com dupla Puyol e Ramos, mais Piqu√©, e teres um dos melhores meio campos de sempre, e ainda uma das duplas de ataque mais matadoras da hist√≥ria para passares depois para isto √© no m√≠nimo desapontador

Mas concordo"
1396799202735398913,2021-05-24 12:04:15+00:00,"@andreiafcanelas Amiga, a segunda feira √© terr√≠vel"
1396788116812406786,2021-05-24 11:20:12+00:00,a terr√≠vel hist√≥ria da menina que namora um cara bonito e as porcas n√£o se controlam ü§°
1396781468312035329,2021-05-24 10:53:47+00:00,@DannyCaviar @b_sharquisha @barbie_ayob @_IsaConde_ Sou terr√≠vel
1396780573700640777,2021-05-24 10:50:14+00:00,Tar aqui no hospital e ver pessoas a sofrer √© terrivel
1396778287905615879,2021-05-24 10:41:09+00:00,@pjjmoreira Sim.. √â terr√≠vel... Bom dia!! üåû
1396753146999889922,2021-05-24 09:01:15+00:00,"As emo√ß√µes que n√£o se ventilam t√™m o mesmo destino das coisas frescas que se colocam em frascos com tampas de enroscar: apodrecem, ficam com mau cheiro e podem criar bact√©rias e bichezas. Quando se abrir o frasco de novo vai ser terr√≠vel- mas o pior √© que h√° frascos que rebentam!"
1396749275833438208,2021-05-24 08:45:52+00:00,Um sentimento de inutilidade terr√≠vel
1397806282980089857,2021-05-27 06:46:02+00:00,Ando a passar mm uma fase terr√≠vel mas eu sei que vou conseguir superar
1397756842990882817,2021-05-27 03:29:35+00:00,@gamer_matheusx @Matt10L A intelig√™ncia artificial nesse fifa √© simplesmente terr√≠vel
1397729293304799233,2021-05-27 01:40:06+00:00,"@Stek02 O Zumbi Coreano o estava dominando em p√©, mas o mexicano achou um golpe milagroso no √∫ltimo segundo, imagina o que o Holloway n√£o vai fazer. O Yair √© um cara muito pl√°stico, mas a precis√£o √© terr√≠vel."
1397721813392805888,2021-05-27 01:10:23+00:00,"@ruimndeoliveira O choque pelo atropelo √© compreens√≠vel, o choque por acharem que aquele bullying √© terr√≠vel √© que n√£o faz sentido porque todos sabemos o que se passa nas escolas, desde sempre."
1397711105955450881,2021-05-27 00:27:50+00:00,@fgnoronha A se n√£o tirar o Felipe Jonathan vai tomar um saco. √â uma avenida. Erra todos os cruzamento e nunca esta na lateral. Recomposi√ß√£o esquece? Terr√≠vel hoje
1397706800556822529,2021-05-27 00:10:44+00:00,"eu: mostro os exerc√≠cios de M3 aos meus amigos em engenharia
eles: wtf
conclus√£o: laetitia √©s terr√≠vel"
1397706373643767808,2021-05-27 00:09:02+00:00,@Tiagotbp95 √â terr√≠velüòÇüòÇ
1397704817162792960,2021-05-27 00:02:51+00:00,@RuiFachada @Rui_Claudino Este corrector √© terr√≠vel...
1397689453049753611,2021-05-26 23:01:48+00:00,Contratarem-te √© que foi um erro terr√≠vel https://t.co/zuFzNeud0X
1397687956723408901,2021-05-26 22:55:51+00:00,"@__riiitaaa__ Terr√≠vel, basta olhar p o meu bra√ßo kkk"
1397681252958932996,2021-05-26 22:29:13+00:00,Aproveitar-se politicamente de um acto de bullying terr√≠vel entre crian√ßas que nos chocou a todos para fazer uma compara√ß√£o com uma companhia a√©rea? O seu discurso mete nojo https://t.co/tSxSeqhqpf
1397677751465881606,2021-05-26 22:15:18+00:00,"O Rio Ave esteve muito perto de eliminar o Milan no in√≠cio desta √©poca. Hoje, est√£o a perder 2-0 em casa do Arouca, em risco de descerem de divis√£o. Que mau proveito do plantel com grande qualidade que t√™m... √©poca terr√≠vel do Rio Ave."
1397677143304327173,2021-05-26 22:12:53+00:00,"Tentei fotografar a lua e n√£o ficou bem, mas pelo menos n√£o saiu aquele ponto fosco e terr√≠vel de luz como das outras vezes. 

Well, keep trying, Quint√£o. https://t.co/uMuNcYHd5e"
1397673783989768201,2021-05-26 21:59:32+00:00,tirando o penal que ele bateu. terr√≠vel
1397673709385703431,2021-05-26 21:59:14+00:00,@Juray72 Tava terr√≠vel ya
1397672987076202502,2021-05-26 21:56:22+00:00,@rita_castro1 Tenho uma amiga na Bielorr√∫ssia e realmente aquilo por l√° √© terr√≠vel!! N√£o se olham √† meios para atingir os fins e s√≥ existem deveres...üò§üò§üòîüòî
1397672715901968388,2021-05-26 21:55:17+00:00,De Gea √© mesmo o elo mais fraco. Terr√≠vel
1397668504585838592,2021-05-26 21:38:33+00:00,@therealtommz @kikobatistaa se eu apare√ßo n ta terrivel üòê
1397666093196533762,2021-05-26 21:28:58+00:00,@kikobatistaa @Marianaftduarte esse v√≠deo t√° terr√≠vel. para de tentar inserires te na sociedade do tiktok pff
1397664513529364481,2021-05-26 21:22:42+00:00,"@therubengomez @souamariaaaa O design daquele acesso √© absolutamente terr√≠vel, j√° h√° uns 8 anos havia um grupo a assaltar a√≠"
1397651313484345344,2021-05-26 20:30:14+00:00,"@JooFerr96753146 @officialbiqas Quem fala-se... voc√™ √© terr√≠vel, Anabela"
1397642222229655552,2021-05-26 19:54:07+00:00,@ovarejeira @YouTube Muito bom. Desconhecia esta situa√ß√£o. Domingo foi terr√≠vel. Fartei-me de mandar vir com aquela situa√ß√£o do Vettel e do Gasly.
1397638427605094400,2021-05-26 19:39:02+00:00,dia terr√≠vel mas se o villareal ganhar fica melhor um bocadinho
1397629892313878532,2021-05-26 19:05:07+00:00,√â uma experi√™ncia terr√≠vel: a barba nem fica totalmente coberta pela m√°scara nem fica bem √† vista... https://t.co/jGloxvh04C
1397612362237161473,2021-05-26 17:55:28+00:00,@pgmalmeida @MariaCordRosa Mas que horror √© terr√≠vel üòÑüòÑüòÑ
1397611807020392454,2021-05-26 17:53:15+00:00,Esses mlk de itapua tao cada dia mais terrivel kkkkk vou nem citar nomes kkkkkk
1397610970466373636,2021-05-26 17:49:56+00:00,@Leao_do_sul s√≥ pe√ßo cansa√ßo f√≠sico. Esse suporto muito bem. Agora o psicol√≥gico √© terr√≠vel. H√° dias em que estou a cabe√ßa cheia de merdas e s√≥ mesmo √† noite antes de me deitar √© que vai aliviando
1397605804266622977,2021-05-26 17:29:24+00:00,"Hoje foi um dia terr√≠vel, s√≥ queria deitar-me e receber mimos, mas s√≥ vai acontecer a parte de me deitar. E se calhar ver uma s√©rie leve"
1397584947523854336,2021-05-26 16:06:32+00:00,"Fiquei terr√≠vel üôÑ
‚ù§Ô∏è‚ù§Ô∏è‚ù§Ô∏è‚ù§Ô∏è https://t.co/8YmfRpULgm"
1397568881888219139,2021-05-26 15:02:41+00:00,Isto est√° terr√≠vel no #GiroDeItalia2021
1397566284057960450,2021-05-26 14:52:22+00:00,"a J√©ssica fez bullying e infelizmente deu-se uma situa√ß√£o terriv√©l? sim! √© justificav√©l vcs estarem a fazer o mesmo, esquecendo-se que ela s√≥ tem 13 anos, n√£o sabe de nada porque √© ignorante? n√£o! 

o que aconteceu foi muito grave, mas infelizmente todos (continua√ß√£o)"
1397566051492188164,2021-05-26 14:51:26+00:00,@avoidrare @xodanyy @krashsz @arviifn @colefnnn eu disse que era bom no comp ??tu √©s terr√≠vel agr cala-te sff
1397564884032831490,2021-05-26 14:46:48+00:00,@xodanyy @avoidrare @krashsz @arviifn @colefnnn que carrinhada eu nem tinha falado do tjay voc√™s √© que o puseram na conversa s√≥ disse que o peep era terr√≠vel ahahah
1397561406204092420,2021-05-26 14:32:59+00:00,"foda-se que vergonha. 
parenting terr√≠vel, a descartar o que a filha fez e meter a culpa no mi√∫do 

no words https://t.co/AIl1FT8myA"
1397548948924125187,2021-05-26 13:43:29+00:00,@xodanyy @avoidrare @krashsz bro pronto carti e alien e peep √© terr√≠vel
1397544798249226240,2021-05-26 13:26:59+00:00,"@artemisagauche @AlinneQL Ah minha gente! Que situa√ß√£o terr√≠vel.
For√ßa a querida @AlinneQL e a todas e todas que sofrem ante a tanto preconceito e intoler√¢ncia."
1397541952304918531,2021-05-26 13:15:41+00:00,@NunoFerro9 @HelenaMota9 Terr√≠vel.
1397538834972389381,2021-05-26 13:03:17+00:00,@avoidrare @xodanyy n√£o simplesmente √© terr√≠vel
1397521684907839493,2021-05-26 11:55:09+00:00,"@jolas_21 Portanto, condena-se um comportamento terr√≠vel fazendo exatamente a mesma coisa?"
1397505302782676997,2021-05-26 10:50:03+00:00,"@babalu12_ At√© arrepiei toda isso √© terrivel,como pode acontecer este tipo de cena?que meninas malvadas e sem no√ß√£o isso √© pura maldade deviam lhe fazer o mesmo para ela aprender a respeitar os outros e al√©m disso ela s√≥ o fez a algu√©m mais novo e menor que ela e que n√£o se pode defenderüò†"
1397493285665583104,2021-05-26 10:02:18+00:00,S√≥ gente da minha idade e mais velha. Seria realmente terr√≠vel se aquilo de Os Filhos do Homem acontecesse. E ainda por cima feio.
1397481547431809034,2021-05-26 09:15:39+00:00,eu sou terr√≠vel adeus
1397459375531364353,2021-05-26 07:47:33+00:00,#√çNDIA üáÆüá≥ Religiosa descreve ‚Äúcrise terr√≠vel‚Äù por causa da pandemia e diz que j√° h√° an√∫ncios para adop√ß√£o de crian√ßas √≥rf√£s https://t.co/SeblF9EIBC https://t.co/Flb1onYqAI
1397452046907985924,2021-05-26 07:18:26+00:00,N√£o ah um ano que nao me aconte√ßa algo terrivel...
1397361842943582208,2021-05-26 01:19:59+00:00,Acho que acabaste de descrever tudo o que passei na inf√¢ncia que nunca tive!! Para al√©m de assustador √© terr√≠vel...nunca mais √©s ou ficas o mesmo!! https://t.co/37iu7I6ej3
1397336219244183555,2021-05-25 23:38:10+00:00,@goncicritini Sem d√∫vida... Vamos ver se no pr√≥ximo ano sa√≠mos deste per√≠odo terr√≠vel
1397317242606456832,2021-05-25 22:22:46+00:00,@leo_rodrigues69 Terr√≠vel mesmo üòÇ
1397314565080240130,2021-05-25 22:12:07+00:00,@pendrive5tera @rigaloeletro a aguinha que vem no milho √© horr√≠vel deixa com um gosto terr√≠vel
1397300913598046211,2021-05-25 21:17:53+00:00,"@tiagobosco eu agora saio cedo para trabalhar, estou tranquilo. Houve uma altura em que trabalhei √† noite, queria dormir de manh√£ e n√£o conseguia por causa das obras. Era terr√≠vel. Ia trabalhar na noite seguinte todo fodido"
1397300668306796551,2021-05-25 21:16:54+00:00,um clube que faz 60M s√≥ na champions consegue ter d√≠vidas como esta. que gest√£o terr√≠vel https://t.co/5cBsY22qN7
1397289360815448069,2021-05-25 20:31:58+00:00,Minha dica agora √© terr√≠vel ü§£ü§£ü§£
1397288523603095561,2021-05-25 20:28:39+00:00,"Eu falo com ela sobre qualquer coisa, √© como se o rosto dela sa√≠sse da minha cabe√ßa, eu posso at√© ter um dia mau tanto faz o motivo at√© um dia terr√≠vel, mas assim que eu vejo aquele rostinho lindo, quando me abra√ßa daquele jeitinho, eu sinto tudo a melhorar tudo mesmo!"
1397258080195420170,2021-05-25 18:27:40+00:00,"@VermelhaOnda Esses takes s√≥ afastam as pessoas e d√° uma imagem terr√≠vel aos comunistas, especialmente quando a √∫nica teoria que normalmente se refere √© Marx Lenine e Cunhal. Aos que n√£o nos conhecem, d√° a imagem de que somos um bando de doutrinados, aos que sim, parecemos s√≥ arrogantes."
1397250071033491470,2021-05-25 17:55:51+00:00,Eu quando come√ßo a dispersar as energias sou terr√≠vel
1397238490065166349,2021-05-25 17:09:50+00:00,@tildeeprive ‚Äúvermelho‚Äù √© terr√≠vel.
1397192028216303630,2021-05-25 14:05:12+00:00,"@4parreira20 @barbarapcruzz Terr√≠vel essa B√°rbara, mau"
1397190118922932225,2021-05-25 13:57:37+00:00,@asalpdi Que terr√≠vel! Ent√£o para que colocam l√° o n√∫mero?
1397188814783778829,2021-05-25 13:52:26+00:00,"@nicknameidoso Tamb√©m tenho h√° alguns anos, mas desta vez est√° terr√≠vel... üí™üí™"
1397152143761682435,2021-05-25 11:26:43+00:00,"Tive um sonho terr√≠vel, s√≥ de imaginar at√© custa, esquece mm, esta mar√© de sonhos maus n√£o passa"
1397118866510200835,2021-05-25 09:14:29+00:00,"Acordei 4 da manh√£ hoje, porque tive um sonho em que eu era cobrada, por um amigo pr√≥ximo, em rela√ß√£o a uns tweets que fiz em 2015. Olha que doideira?!

*N√£o eram tweets reais, era uma situa√ß√£o hipot√©tica, mas foi terr√≠vel, nossa senhora do c√©u."
1397118564260360194,2021-05-25 09:13:17+00:00,"um crime terr√≠vel. nem h√° palavras. - Programa comandado por 'Capit√£ Cloroquina' direcionou a estados apenas 0,1% dos m√©dicos interessados em atuar na pandemia
https://t.co/o61NXezV2J"
1397115117574176769,2021-05-25 08:59:35+00:00,"Contou toda a Hist√≥ria de Portugal at√© chegar ao seu ponto m√°ximo, quando o Pa√≠s √© finalmente salvo por Salazar de um s√©culo terr√≠vel de liberalismo e de mais s√©culos de estagna√ß√£o. Mesmo. Ela acabou em 1933. Isto nem inventado."
1399348259412484101,2021-05-31 12:53:18+00:00,"@Piarra6 √âs muito parvo üò≠üò≠, foi terr√≠vel btw"
1399346956506390540,2021-05-31 12:48:07+00:00,"Atrav√©s da #pnl, √© poss√≠vel deixar de #fumar!
Ser√° que vale a pena arriscar?
Torne o terr√≠vel v√≠cio de fumar apensa uma mem√≥ria na sua vida. √â s√≥ ir a https://t.co/xOS7sI8pAn e marcar!

https://t.co/KwVYit8FZi https://t.co/5ZoIndoJwI"
1399346127070183426,2021-05-31 12:44:49+00:00,"@sharkinho @Diabo_pt 2/2 para... 40 milh√µes. 
Foi em meados dos anos 70 que surgiu a pol√≠tica de filho √∫nico.
√â, ou foi, terr√≠vel? Sem d√∫vida. Mas, o que seria melhor? Restringir o n√∫mero de filhos ou permitir que morressem todos √† fome. Sabes que a curva demog n√£o sobe ao mesmo ritmo da dos recursos"
1399320431056855042,2021-05-31 11:02:43+00:00,@diogofromhell A lez√≠ria estava terr√≠vel
1399309501866594311,2021-05-31 10:19:17+00:00,@youfucktwat terr√≠vel
1399290023585976324,2021-05-31 09:01:53+00:00,"Pelo menos o novo centro de sa√∫de tem s√≠tio pra estacionar, o outro era terr√≠vel"
1399204806221238272,2021-05-31 03:23:16+00:00,"Esse povo smp q v√™ algu√©m daqui de casa fala ""a Maisinha √© terrivel n√©"",, ou ent ""n√≥ deve dar um trabalho n√©"" 
Tipo,, eu n tenho culpa de ter cara de assanhada"
1399147210697330700,2021-05-30 23:34:24+00:00,q dor de cabe√ßa terr√≠vel
1399145342814375938,2021-05-30 23:26:59+00:00,"A gest√£o da SIC no #HellsKitchen foi terr√≠vel desde o in√≠cio, este adiamento da final foi √∫ltima gota. Vergonhoso!"
1399130116186378240,2021-05-30 22:26:28+00:00,"O passado dos colonizadores √© terr√≠vel. O privil√©gio foi instaurado pelo ferro e pelo fogo.

Lembrar para n√£o repetir. https://t.co/ITBYVaSLOt"
1399126989261398024,2021-05-30 22:14:03+00:00,"@tchapatata @CRG2o @PedrooA09 N√£o prepararam bem isto. O Marc - que hoje n√£o jogou mal - n√£o √© o irm√£o, o Drummond √© terr√≠vel, o Schroder s√≥ fez merda e ficar sem o AD.... Matou tudo."
1399125256405753864,2021-05-30 22:07:10+00:00,@terrivel_joao Pelo menos n√£o est√° nos 5 como a tua ü§£
1399112384430673921,2021-05-30 21:16:01+00:00,"@guganoid Estas a ser injusto com o Kuz, mas o Drummond √© uma contrata√ß√£o terr√≠vel."
1399111326694268930,2021-05-30 21:11:49+00:00,"O maior erro do Penafiel foi mandar embora o Evangelista, √© sem d√∫vida um dos melhores treinadores em Portugal

Em Portugal h√° a terr√≠vel tradi√ß√£o de mandar os treinadores embora logo por uma m√° fase/mau resultados, mas a realidade de um clube √© muito mais que apenas um treinador"
1399099551844294668,2021-05-30 20:25:01+00:00,"@JulioFr28679541 @RuiRioPSD V√≥mitos d√° o que senhor escreveu. .
De facto a ingratid√£o √© uma coisa terr√≠vel e existe...h√° gente muito reles, at√© apoiam os v√¢ndalos!"
1398985698431090688,2021-05-30 12:52:37+00:00,Esperar para comer √© terr√≠vel
1398966392024715267,2021-05-30 11:35:54+00:00,"Futebol e pol√≠tica em Portugal j√° s√£o coisas m√°s. Quando se misturam os dois, s√≥ pode dar num meme t√£o terr√≠vel como este https://t.co/dmOJdZ6un6"
1398937715412983810,2021-05-30 09:41:57+00:00,@cortez_vasco Paz terr√≠vel üíÜ‚Äç‚ôÇÔ∏è
1398920140041957376,2021-05-30 08:32:06+00:00,"- Que terr√≠vel falta de mem√≥ria.

-No Porto n√£o h√° iluminados, desde que apagaram as luzes.

-As cr√≠ticas continuam  v√°lidas.

-Quanto √† meia d√∫zia de ingleses b√™bedos, assim fica dif√≠cil.
 Matem√°tica n√£o √© mesmo o v/forte.
14 milh√µes de adeptos /meia d√∫zia de adeptos bebedos. https://t.co/IAR3lYmOZh"
1398894313950547969,2021-05-30 06:49:29+00:00,"Paz terr√≠vel!
E o √∫nico que pode mudar isso √© o Flamengo kkkkkk como de costume"
1398836421801152513,2021-05-30 02:59:26+00:00,Hoje est√° a ser terr√≠vel dormir. Avi√µes de 5 em 5min a passar por aqui para levar os camones para a terra deles.
1398829929823936513,2021-05-30 02:33:38+00:00,Paz terr√≠vel.. üè≥ü•∂üò¥
1398775120685158404,2021-05-29 22:55:51+00:00,"O MagicShot em Oeiras estava fraqu√≠ssimo enquanto evento para al√©m de mal organizado. Pelo menos as medidas de seguran√ßa foram adequadas e valeu a pena pelo joga√ßo que foi a grande final de VALORANT. De resto, terr√≠vel."
1398770996862230530,2021-05-29 22:39:28+00:00,""" Ah, no terr√≠vel sil√™ncio do quarto o rel√≥gio com o seu som de sil√™ncio! Monotonia! Quem me dar√° outra vez a minha inf√¢ncia perdida? Perdida definitivamente, como um len√ßo no comboio. ""

( Fernando Pessoa ) https://t.co/mysBzXVIGW"
1398768118378401793,2021-05-29 22:28:01+00:00,"@Dimaruca13 ü§£ü§£ü§£ Adorei como come√ßou, assim que come√ßou a Another one bites the dust foi um no... Ainda s√≥ estou a come√ßar e estou a detestar o cantarem a cada 5 minutos. Terr√≠vel."
1398766328299855880,2021-05-29 22:20:55+00:00,paz terr√≠vel
1398741433809526786,2021-05-29 20:41:59+00:00,@AngryRabbitX H√° algo extremamente belo  e terr√≠vel na velhice.
1398740178391506945,2021-05-29 20:37:00+00:00,"@Ritinha_ Tamb√©m pade√ßo desse mal!
√â terr√≠vel. 
Nem a falta de espa√ßo aqui em casa me trava a aquisi√ß√£o de livros..."
1398732201219526656,2021-05-29 20:05:18+00:00,"@FANSS8319 @SexoGratweeto Sim, terr√≠vel para Macron ter vencido as √∫ltimas elei√ß√µes e liderar as sondagens de segunda volta contra todos os advers√°rios para as pr√≥ximas. Melenchon muito melhor, com 10% na primeira volta e -20 que Le Pen na segunda."
1398730461027909638,2021-05-29 19:58:23+00:00,O Sterling √© terr√≠vel
1398726648728522762,2021-05-29 19:43:14+00:00,Werner √© terr√≠vel
1398723260653711361,2021-05-29 19:29:47+00:00,Paz terr√≠vel ü§ë
1398720693492125699,2021-05-29 19:19:34+00:00,A narra√ß√£o e coment√°rios em transmiss√£o de evento esportivo na TV portuguesa √© terr√≠vel. D√° vontade de deixar no mudo.
1398719653661261828,2021-05-29 19:15:27+00:00,Werner √© terr√≠vel ü§£ü§£ü§£
1398715221145968646,2021-05-29 18:57:50+00:00,"O quer que tenha acontecido aqui, foi terr√≠vel. VENHA A BOLA"
1398705043696721920,2021-05-29 18:17:23+00:00,"Por maior esfor√ßo que fa√ßa, n√£o entendo como √© poss√≠vel acontecer aquilo que nos chega do Porto. Depois de confinamentos e restri√ß√µes a que estivemos sujeitos, levamos com estas ordas de irracionais ingleses. Qual interesse? Qual prest√≠gio? Imagem terr√≠vel de pa√≠s. E o amanh√£?"
1398652130165133313,2021-05-29 14:47:08+00:00,"@hipersurf Tens raz√£o.
Que imperdo√°vel falta de empatia da minha parte.
O q me redime, parcial/ eu sei, √© q pago parte do SNS onde ela pode ter ajuda psicol√≥gica para superar essa terr√≠vel sodomia moral e pol√≠tica."
1398643818153623553,2021-05-29 14:14:06+00:00,Ouvir os meus sons e entrar na paz terr√≠vel üíÜ‚Äç‚ôÇÔ∏è
1398592894169190401,2021-05-29 10:51:45+00:00,Imran acho que acertou uma bolada de mng terr√≠vel. J√° esqueceu os bradas. Para fazer programa com ele tens de agendar com 6 meses de anteced√™ncia.
1398586196754829313,2021-05-29 10:25:08+00:00,@tigas68 @asdVV1906 @expoleo @TascaDoCherba @sporting160 Eissschhh. Terr√≠vel veres aquele jogo
1398575373294706691,2021-05-29 09:42:07+00:00,"¬´Este simplismo de an√°lise - democracia √© s√≥ ir-se a votos, democracia √© ter mais um voto do que o advers√°rio.... - √© um inimigo terr√≠vel, interno e insidioso, como vem escrevendo h√° muitos anos, por exemplo, Daniel Innerarity.¬ª"
1398571137450319872,2021-05-29 09:25:18+00:00,@CYPRIANOCARVAL1 @filipagpinto Tivemos de dormir com a janela aberta. Estava terr√≠vel!!!
1398447581928230913,2021-05-29 01:14:20+00:00,@afonsoaly @veribaka A defini√ß√£o do homem √© terr√≠vel. Parece uma barata tonta. J√° para n√£o falar das in√∫meras perdas de bola idiotas que comprometem a equipa ou simplesmente n√£o ter rela√ß√£o com a baliza.
1398442706519666690,2021-05-29 00:54:57+00:00,@AluisioLSouza Terr√≠vel
1398405959945441280,2021-05-28 22:28:56+00:00,"Lukahsenko tem terr√≠vel atua√ß√£o pol√≠tica? com certeza. mas ningu√©m chega de fora e imp√µe ‚Äúdemocracia‚Äù num pa√≠s... contra o povo desse pa√≠s, destruindo a sua vida. essa li√ß√£o deveria ter sido aprendida com o desastre do Iraque e tantos outros. quem faz isso tem outros objetivos."
1398394473441378306,2021-05-28 21:43:18+00:00,Uma aglomera√ß√£o terr√≠vel O DIA INTEIRO. Eles n√£o param de cantar 1 minuto.
1398388602791464962,2021-05-28 21:19:58+00:00,"@terrivel_joao Claro que vale, que pessimista"
1398387764337561607,2021-05-28 21:16:38+00:00,"@terrivel_joao N√£o pode ser, temos de lutar at√© ao fim Ahaha"
1398371754096173062,2021-05-28 20:13:01+00:00,"Silly season terr√≠vel, s√≥ mancos ao estilo do SC. https://t.co/bqE1NC7q5M https://t.co/xib7QGzofM"
1398370048822153218,2021-05-28 20:06:14+00:00,Odeio terr√≠vel!!
1398366736391491589,2021-05-28 19:53:05+00:00,@Big_Dvddy_ Terr√≠vel ü§£ü§£ü§£
1398361073884045320,2021-05-28 19:30:34+00:00,"shakira canta melhor em espanhol, quem concorda respira. 

o ingl√™s dela √© terr√≠vel."
1398348195726569472,2021-05-28 18:39:24+00:00,"@UrpReal A Uni√£o para por a 1 Rep√∫blica na hist√≥ria foi muito boa, mas deveria ter colocado a hist√≥ria das Rep√∫blicas tamb√©m na hist√≥ria, guardada como o feito terr√≠vel"
1398336751039614987,2021-05-28 17:53:55+00:00,"@tchallaz Mas no teu sistema o lateral ataca muito mais do que defende. Se o Porro jogasse numa defesa a 4, era terr√≠vel"
1398323915445968902,2021-05-28 17:02:55+00:00,@HenriqueRebelo_ @tigas68 Terr√≠vel
1398317682169204737,2021-05-28 16:38:09+00:00,@oministromentas Tamb√©m tive essa rea√ß√£o. Ser pobre √© terr√≠vel
1398311903936536578,2021-05-28 16:15:11+00:00,Isto √© uma amea√ßa terr√≠vel com efeitos irrevers√≠veis! Algu√©m o conven√ßa a fazer antes uma greve da fome. https://t.co/90bCYe1yz8
1398306896063471621,2021-05-28 15:55:17+00:00,"√â um dia que n√£o consigo expressar em palavras. √â o dia que mainha (toda maravilhosa e trabalhada no VERMELHO‚ô•Ô∏è) toma a primeira dose do (√öNICO at√© ent√£o) imunizante contra essa pandemia terr√≠vel que estamos (sobre)vivendo. √â o dia que a pessoa que me ensinou tudo (literalmente), https://t.co/VmhtqZAVWc"
1398295099809882114,2021-05-28 15:08:25+00:00,Q semana terr√≠vel
1398294796805021698,2021-05-28 15:07:13+00:00,@varelarubin @Lima1399 terr√≠vel
1398293641035190278,2021-05-28 15:02:37+00:00,O Barney √© terr√≠vel. Identifico-me ü§ß https://t.co/edi73jnt3P
1398245839907262467,2021-05-28 11:52:41+00:00,"@esteves_jao Isso √© muito azar junto...e n√£o √© dia 13. 
A mochila √© muito muito chato mas os √≥culos...os √≥culos √© terr√≠vel... Eu sem √≥culos e com as minhas 6 dioptrias tinha um fanico!"
1398240205077991425,2021-05-28 11:30:17+00:00,"@shanzbea Ainda n√£o vi os highlights mas j√° vi 2 instantes em que cai mal e fica agarrado ao p√©, mas nos outros 2 jogos tem (na minha opini√£o) sido terr√≠vel, nem uma porra duma m√©dia de rebounds decente tem..."
1398237344826892292,2021-05-28 11:18:55+00:00,@mcandremartins Tu tbm √©s terr√≠vel üò°
1398226287995482117,2021-05-28 10:34:59+00:00,N√£o consigo mexer a cabe√ßa para o lado direito. Acabei de dar um jeito terr√≠vel e n√£o sei como
1398224037201985538,2021-05-28 10:26:02+00:00,@nuno_ivo Foi terr√≠vel sacrif√≠cio q os trabalhadores a n√≠vel mundial aproveitariam no futuro nas suas lutas.
1398202124060798978,2021-05-28 08:58:58+00:00,@Tosga √â terr√≠vel sim... No meu trabalho tbm tenho passado por isso... ü§∑ https://t.co/wFzPjR91Im
1398162969880629248,2021-05-28 06:23:23+00:00,"@_matheusfla Eu j√° disse fizeram um terr√≠vel neg√≥cio, n√£o acertar com Rafinha denovo. O Isla s√≥ corre, n√£o √© nem de longe um lateral construtor q o Fla precisa, chega a ser constrangedor ver ele com a bola nos p√©s, Matheusinho √© muito melhor q ele, a, o rodinei tamb√©m √© melhor."
1398108478665809921,2021-05-28 02:46:51+00:00,Tchiz√© √© terr√≠vel yhüò≠üò≠ https://t.co/g4602r3e3l
1398067500491890688,2021-05-28 00:04:01+00:00,"esbarrar nas pessoas certas, no tempo errado, √© terr√≠vel"
1398060112896565248,2021-05-27 23:34:40+00:00,@__moniquita__ @wtvhoneyy Es terr√≠vel...
1398050858009497600,2021-05-27 22:57:53+00:00,"Est√£o √† espera duma terr√≠vel not√≠cia referente a um Homem que est√° √† porta da Presid√™ncia, vai fazer 3 semanas, sem comer? 
Depois v√£o dizer o qu√™?
Que fizeram tudo e fugir com o rabo √† seringa?
Quem pagou os favores, para que isto n√£o ande?
For√ßa @LuisFDias72, saberemos um dia."
1398043405863854081,2021-05-27 22:28:17+00:00,@Sofy_S5 @mvcavaco @pach211 A Primavera √© terr√≠vel... üòÇ
1398034120396115971,2021-05-27 21:51:23+00:00,odeio quando vejo uma camisola gira e depois a viro e tem alguma merda terr√≠vel atr√°s
1397990538788364300,2021-05-27 18:58:12+00:00,"@AlexandreRute ehpah porra, foi muito estranho. √© uma sensa√ß√£o terr√≠vel :( mas a stella foi a maior, eheh."
1397988159175200775,2021-05-27 18:48:45+00:00,S√≥ falta 1 para esta semana terr√≠vel terminar üôåüèº
1397984585980514305,2021-05-27 18:34:33+00:00,"@SorayaLuloah @odanielgofc üòÇüòÇüòÇüòÇü•∞ü•∞ü•∞ √âs terr√≠vel, mas muito fofinha. Voc√™s juntos v√£o ser super, mega felizes ‚ù§Ô∏èüíúüíúüíú"
1397945423298506760,2021-05-27 15:58:56+00:00,@l__p_s @arrobacunha To assim ultimamente tbm esses dias aconteceu algo terr√≠vel cmg fiquei em crise por horas https://t.co/OTpqrD8UNa
1397905109653336068,2021-05-27 13:18:44+00:00,@theumilk99 Um 2. Foi terr√≠vel.
1397890314682122250,2021-05-27 12:19:57+00:00,"Sabe a xarope de crian√ßa/gomas. Terr√≠vel.
#whatthefanta https://t.co/o9pa2pK8gA"
1397872599603027974,2021-05-27 11:09:33+00:00,@brunoperes76 Verdade. Tamb√©m achei super terr√≠vel essa parte da experi√™ncia. Ao menos foi r√°pido
1397866822259650565,2021-05-27 10:46:36+00:00,@j_umbelino √âs terr√≠vel üòÇ
1397864985322213380,2021-05-27 10:39:18+00:00,Organiza√ß√£o terr√≠vel
1397858911852630024,2021-05-27 10:15:10+00:00,"isso desenvolve um medo em mim terr√≠vel pra aceitar qualquer coisa que seja, pra n√£o ser taxada de interesseira e aproveitadora. eu tenho dinheiro caralho, n√£o preciso chupar pila pra conquistar minhas coisas, muito menos preciso roubar."
